polygon group,polygon id,vertice id,x,y
plate_0,0,0,142.5,-64.0
plate_0,0,1,144.5,-64.0
plate_0,0,2,144.5,-55.75
plate_0,0,3,142.5,-55.75
plate_0,1,0,142.5,-51.75
plate_0,1,1,144.5,-51.75
plate_0,1,2,144.5,-40.75
plate_0,1,3,142.5,-40.75
plate_0,2,0,142.5,-36.75
plate_0,2,1,144.5,-36.75
plate_0,2,2,144.5,-25.75
plate_0,2,3,142.5,-25.75
plate_0,3,0,142.5,-21.75
plate_0,3,1,144.5,-21.75
plate_0,3,2,144.5,-10.75
plate_0,3,3,142.5,-10.75
plate_0,4,0,142.5,-6.75
plate_0,4,1,144.5,-6.75
plate_0,4,2,144.5,4.25
plate_0,4,3,142.5,4.25
plate_0,5,0,142.5,8.25
plate_0,5,1,144.5,8.25
plate_0,5,2,144.5,19.25
plate_0,5,3,142.5,19.25
plate_0,6,0,142.5,23.25
plate_0,6,1,144.5,23.25
plate_0,6,2,144.5,34.25
plate_0,6,3,142.5,34.25
plate_0,7,0,142.5,38.25
plate_0,7,1,144.5,38.25
plate_0,7,2,144.5,49.25
plate_0,7,3,142.5,49.25
plate_0,8,0,142.5,53.25
plate_0,8,1,144.5,53.25
plate_0,8,2,144.5,64.0
plate_0,8,3,142.5,64.0
plate_0,9,0,142.5,64.0
plate_0,9,1,144.5,64.0
plate_0,9,2,127.67559814453125,93.14070129394531
plate_0,9,3,126.67559814453125,91.40859985351562
crystals_0,0,0,165.0,42.25
crystals_0,0,1,168.0,42.25
crystals_0,0,2,168.0,45.25
crystals_0,0,3,165.0,45.25
crystals_0,1,0,165.0,27.25
crystals_0,1,1,168.0,27.25
crystals_0,1,2,168.0,30.25
crystals_0,1,3,165.0,30.25
crystals_0,2,0,165.0,12.25
crystals_0,2,1,168.0,12.25
crystals_0,2,2,168.0,15.25
crystals_0,2,3,165.0,15.25
crystals_0,3,0,161.25,45.25
crystals_0,3,1,164.25,45.25
crystals_0,3,2,164.25,48.25
crystals_0,3,3,161.25,48.25
crystals_0,4,0,161.25,54.25
crystals_0,4,1,164.25,54.25
crystals_0,4,2,164.25,57.25
crystals_0,4,3,161.25,57.25
crystals_0,5,0,165.0,46.75
crystals_0,5,1,168.0,46.75
crystals_0,5,2,168.0,49.75
crystals_0,5,3,165.0,49.75
crystals_0,6,0,165.0,52.75
crystals_0,6,1,168.0,52.75
crystals_0,6,2,168.0,55.75
crystals_0,6,3,165.0,55.75
crystals_0,7,0,168.75,47.5
crystals_0,7,1,171.75,47.5
crystals_0,7,2,171.75,50.5
crystals_0,7,3,168.75,50.5
crystals_0,8,0,168.75,52.0
crystals_0,8,1,171.75,52.0
crystals_0,8,2,171.75,55.0
crystals_0,8,3,168.75,55.0
crystals_0,9,0,172.5,49.75
crystals_0,9,1,175.5,49.75
crystals_0,9,2,175.5,52.75
crystals_0,9,3,172.5,52.75
crystals_0,10,0,161.25,-59.75
crystals_0,10,1,164.25,-59.75
crystals_0,10,2,164.25,-56.75
crystals_0,10,3,161.25,-56.75
crystals_0,11,0,161.25,-50.75
crystals_0,11,1,164.25,-50.75
crystals_0,11,2,164.25,-47.75
crystals_0,11,3,161.25,-47.75
crystals_0,12,0,165.0,-58.25
crystals_0,12,1,168.0,-58.25
crystals_0,12,2,168.0,-55.25
crystals_0,12,3,165.0,-55.25
crystals_0,13,0,165.0,-52.25
crystals_0,13,1,168.0,-52.25
crystals_0,13,2,168.0,-49.25
crystals_0,13,3,165.0,-49.25
crystals_0,14,0,168.75,-57.5
crystals_0,14,1,171.75,-57.5
crystals_0,14,2,171.75,-54.5
crystals_0,14,3,168.75,-54.5
crystals_0,15,0,168.75,-53.0
crystals_0,15,1,171.75,-53.0
crystals_0,15,2,171.75,-50.0
crystals_0,15,3,168.75,-50.0
crystals_0,16,0,172.5,-55.25
crystals_0,16,1,175.5,-55.25
crystals_0,16,2,175.5,-52.25
crystals_0,16,3,172.5,-52.25
crystals_0,17,0,161.25,-44.75
crystals_0,17,1,164.25,-44.75
crystals_0,17,2,164.25,-41.75
crystals_0,17,3,161.25,-41.75
crystals_0,18,0,161.25,-35.75
crystals_0,18,1,164.25,-35.75
crystals_0,18,2,164.25,-32.75
crystals_0,18,3,161.25,-32.75
crystals_0,19,0,165.0,-43.25
crystals_0,19,1,168.0,-43.25
crystals_0,19,2,168.0,-40.25
crystals_0,19,3,165.0,-40.25
crystals_0,20,0,165.0,-37.25
crystals_0,20,1,168.0,-37.25
crystals_0,20,2,168.0,-34.25
crystals_0,20,3,165.0,-34.25
crystals_0,21,0,165.0,-32.75
crystals_0,21,1,168.0,-32.75
crystals_0,21,2,168.0,-29.75
crystals_0,21,3,165.0,-29.75
crystals_0,22,0,165.0,-47.75
crystals_0,22,1,168.0,-47.75
crystals_0,22,2,168.0,-44.75
crystals_0,22,3,165.0,-44.75
crystals_0,23,0,168.75,-42.5
crystals_0,23,1,171.75,-42.5
crystals_0,23,2,171.75,-39.5
crystals_0,23,3,168.75,-39.5
crystals_0,24,0,168.75,-38.0
crystals_0,24,1,171.75,-38.0
crystals_0,24,2,171.75,-35.0
crystals_0,24,3,168.75,-35.0
crystals_0,25,0,172.5,-40.25
crystals_0,25,1,175.5,-40.25
crystals_0,25,2,175.5,-37.25
crystals_0,25,3,172.5,-37.25
crystals_0,26,0,161.25,-29.75
crystals_0,26,1,164.25,-29.75
crystals_0,26,2,164.25,-26.75
crystals_0,26,3,161.25,-26.75
crystals_0,27,0,161.25,-20.75
crystals_0,27,1,164.25,-20.75
crystals_0,27,2,164.25,-17.75
crystals_0,27,3,161.25,-17.75
crystals_0,28,0,165.0,-28.25
crystals_0,28,1,168.0,-28.25
crystals_0,28,2,168.0,-25.25
crystals_0,28,3,165.0,-25.25
crystals_0,29,0,165.0,-22.25
crystals_0,29,1,168.0,-22.25
crystals_0,29,2,168.0,-19.25
crystals_0,29,3,165.0,-19.25
crystals_0,30,0,165.0,-17.75
crystals_0,30,1,168.0,-17.75
crystals_0,30,2,168.0,-14.75
crystals_0,30,3,165.0,-14.75
crystals_0,31,0,165.0,-2.75
crystals_0,31,1,168.0,-2.75
crystals_0,31,2,168.0,0.25
crystals_0,31,3,165.0,0.25
crystals_0,32,0,168.75,-27.5
crystals_0,32,1,171.75,-27.5
crystals_0,32,2,171.75,-24.5
crystals_0,32,3,168.75,-24.5
crystals_0,33,0,168.75,-23.0
crystals_0,33,1,171.75,-23.0
crystals_0,33,2,171.75,-20.0
crystals_0,33,3,168.75,-20.0
crystals_0,34,0,172.5,-25.25
crystals_0,34,1,175.5,-25.25
crystals_0,34,2,175.5,-22.25
crystals_0,34,3,172.5,-22.25
crystals_0,35,0,161.25,-14.75
crystals_0,35,1,164.25,-14.75
crystals_0,35,2,164.25,-11.75
crystals_0,35,3,161.25,-11.75
crystals_0,36,0,161.25,-5.75
crystals_0,36,1,164.25,-5.75
crystals_0,36,2,164.25,-2.75
crystals_0,36,3,161.25,-2.75
crystals_0,37,0,165.0,-13.25
crystals_0,37,1,168.0,-13.25
crystals_0,37,2,168.0,-10.25
crystals_0,37,3,165.0,-10.25
crystals_0,38,0,165.0,-7.25
crystals_0,38,1,168.0,-7.25
crystals_0,38,2,168.0,-4.25
crystals_0,38,3,165.0,-4.25
crystals_0,39,0,168.75,-12.5
crystals_0,39,1,171.75,-12.5
crystals_0,39,2,171.75,-9.5
crystals_0,39,3,168.75,-9.5
crystals_0,40,0,168.75,-8.0
crystals_0,40,1,171.75,-8.0
crystals_0,40,2,171.75,-5.0
crystals_0,40,3,168.75,-5.0
crystals_0,41,0,172.5,-10.25
crystals_0,41,1,175.5,-10.25
crystals_0,41,2,175.5,-7.25
crystals_0,41,3,172.5,-7.25
crystals_0,42,0,161.25,0.25
crystals_0,42,1,164.25,0.25
crystals_0,42,2,164.25,3.25
crystals_0,42,3,161.25,3.25
crystals_0,43,0,161.25,9.25
crystals_0,43,1,164.25,9.25
crystals_0,43,2,164.25,12.25
crystals_0,43,3,161.25,12.25
crystals_0,44,0,165.0,1.75
crystals_0,44,1,168.0,1.75
crystals_0,44,2,168.0,4.75
crystals_0,44,3,165.0,4.75
crystals_0,45,0,165.0,7.75
crystals_0,45,1,168.0,7.75
crystals_0,45,2,168.0,10.75
crystals_0,45,3,165.0,10.75
crystals_0,46,0,168.75,2.5
crystals_0,46,1,171.75,2.5
crystals_0,46,2,171.75,5.5
crystals_0,46,3,168.75,5.5
crystals_0,47,0,168.75,7.0
crystals_0,47,1,171.75,7.0
crystals_0,47,2,171.75,10.0
crystals_0,47,3,168.75,10.0
crystals_0,48,0,172.5,4.75
crystals_0,48,1,175.5,4.75
crystals_0,48,2,175.5,7.75
crystals_0,48,3,172.5,7.75
crystals_0,49,0,161.25,30.25
crystals_0,49,1,164.25,30.25
crystals_0,49,2,164.25,33.25
crystals_0,49,3,161.25,33.25
crystals_0,50,0,161.25,39.25
crystals_0,50,1,164.25,39.25
crystals_0,50,2,164.25,42.25
crystals_0,50,3,161.25,42.25
crystals_0,51,0,165.0,31.75
crystals_0,51,1,168.0,31.75
crystals_0,51,2,168.0,34.75
crystals_0,51,3,165.0,34.75
crystals_0,52,0,165.0,37.75
crystals_0,52,1,168.0,37.75
crystals_0,52,2,168.0,40.75
crystals_0,52,3,165.0,40.75
crystals_0,53,0,168.75,32.5
crystals_0,53,1,171.75,32.5
crystals_0,53,2,171.75,35.5
crystals_0,53,3,168.75,35.5
crystals_0,54,0,168.75,37.0
crystals_0,54,1,171.75,37.0
crystals_0,54,2,171.75,40.0
crystals_0,54,3,168.75,40.0
crystals_0,55,0,172.5,34.75
crystals_0,55,1,175.5,34.75
crystals_0,55,2,175.5,37.75
crystals_0,55,3,172.5,37.75
crystals_0,56,0,161.25,15.25
crystals_0,56,1,164.25,15.25
crystals_0,56,2,164.25,18.25
crystals_0,56,3,161.25,18.25
crystals_0,57,0,161.25,24.25
crystals_0,57,1,164.25,24.25
crystals_0,57,2,164.25,27.25
crystals_0,57,3,161.25,27.25
crystals_0,58,0,165.0,16.75
crystals_0,58,1,168.0,16.75
crystals_0,58,2,168.0,19.75
crystals_0,58,3,165.0,19.75
crystals_0,59,0,165.0,22.75
crystals_0,59,1,168.0,22.75
crystals_0,59,2,168.0,25.75
crystals_0,59,3,165.0,25.75
crystals_0,60,0,168.75,17.5
crystals_0,60,1,171.75,17.5
crystals_0,60,2,171.75,20.5
crystals_0,60,3,168.75,20.5
crystals_0,61,0,168.75,22.0
crystals_0,61,1,171.75,22.0
crystals_0,61,2,171.75,25.0
crystals_0,61,3,168.75,25.0
crystals_0,62,0,172.5,19.75
crystals_0,62,1,175.5,19.75
crystals_0,62,2,175.5,22.75
crystals_0,62,3,172.5,22.75
plate_1,0,0,126.67561340332031,91.40861511230469
plate_1,0,1,127.67561340332031,93.14067077636719
plate_1,0,2,120.5309066772461,97.26567077636719
plate_1,0,3,119.5309066772461,95.53361511230469
plate_1,1,0,116.06680297851562,97.53361511230469
plate_1,1,1,117.06680297851562,99.26567077636719
plate_1,1,2,107.54052734375,104.76567077636719
plate_1,1,3,106.54052734375,103.03361511230469
plate_1,2,0,103.07642364501953,105.03361511230469
plate_1,2,1,104.07642364501953,106.76567077636719
plate_1,2,2,94.5501480102539,112.26567077636719
plate_1,2,3,93.5501480102539,110.53361511230469
plate_1,3,0,90.08604431152344,112.53361511230469
plate_1,3,1,91.08604431152344,114.26567077636719
plate_1,3,2,81.55976867675781,119.76567077636719
plate_1,3,3,80.55976867675781,118.03361511230469
plate_1,4,0,77.09566497802734,120.03361511230469
plate_1,4,1,78.09566497802734,121.76567077636719
plate_1,4,2,68.56938171386719,127.26567077636719
plate_1,4,3,67.56938171386719,125.53361511230469
plate_1,5,0,64.10528564453125,127.53361511230469
plate_1,5,1,65.10528564453125,129.2656707763672
plate_1,5,2,55.579002380371094,134.7656707763672
plate_1,5,3,54.579002380371094,133.0336151123047
plate_1,6,0,51.11490249633789,135.0336151123047
plate_1,6,1,52.11490249633789,136.7656707763672
plate_1,6,2,42.588623046875,142.2656707763672
plate_1,6,3,41.588623046875,140.5336151123047
plate_1,7,0,38.1245231628418,142.5336151123047
plate_1,7,1,39.1245231628418,144.2656707763672
plate_1,7,2,29.598243713378906,149.7656707763672
plate_1,7,3,28.598243713378906,148.0336151123047
plate_1,8,0,25.134140014648438,150.0336151123047
plate_1,8,1,26.134140014648438,151.7656707763672
plate_1,8,2,16.82436752319336,157.1406707763672
plate_1,8,3,15.82436752319336,155.4086151123047
plate_1,9,0,15.82436752319336,155.4086151123047
plate_1,9,1,16.82436752319336,157.1406707763672
plate_1,9,2,-16.824413299560547,157.14065551757812
plate_1,9,3,-15.82437515258789,155.40858459472656
crystals_1,0,0,45.91041946411133,164.01919555664062
crystals_1,0,1,47.41041946411133,166.6172637939453
crystals_1,0,2,44.81234359741211,168.1172637939453
crystals_1,0,3,43.31234359741211,165.51919555664062
crystals_1,1,0,58.90080261230469,156.51919555664062
crystals_1,1,1,60.40080261230469,159.1172637939453
crystals_1,1,2,57.80272674560547,160.6172637939453
crystals_1,1,3,56.30272674560547,158.01919555664062
crystals_1,2,0,71.89118194580078,149.01919555664062
crystals_1,2,1,73.39118194580078,151.6172637939453
crystals_1,2,2,70.79310607910156,153.1172637939453
crystals_1,2,3,69.29310607910156,150.51919555664062
crystals_1,3,0,41.43734359741211,162.27159118652344
crystals_1,3,1,42.93734359741211,164.8696746826172
crystals_1,3,2,40.33926773071289,166.3696746826172
crystals_1,3,3,38.83926773071289,163.77159118652344
crystals_1,4,0,33.64311599731445,166.77159118652344
crystals_1,4,1,35.14311599731445,169.3696746826172
crystals_1,4,2,32.545040130615234,170.8696746826172
crystals_1,4,3,31.045040130615234,168.27159118652344
crystals_1,5,0,42.0133056640625,166.26919555664062
crystals_1,5,1,43.5133056640625,168.8672637939453
crystals_1,5,2,40.91522979736328,170.3672637939453
crystals_1,5,3,39.41522979736328,167.76919555664062
crystals_1,6,0,36.81715393066406,169.26919555664062
crystals_1,6,1,38.31715393066406,171.8672637939453
crystals_1,6,2,35.719078063964844,173.3672637939453
crystals_1,6,3,34.219078063964844,170.76919555664062
crystals_1,7,0,43.23878479003906,169.89178466796875
crystals_1,7,1,44.73878479003906,172.48985290527344
crystals_1,7,2,42.140708923339844,173.98985290527344
crystals_1,7,3,40.640708923339844,171.39178466796875
crystals_1,8,0,39.341670989990234,172.14178466796875
crystals_1,8,1,40.841670989990234,174.73985290527344
crystals_1,8,2,38.243595123291016,176.23985290527344
crystals_1,8,3,36.743595123291016,173.64178466796875
crystals_1,9,0,43.16522979736328,174.26437377929688
crystals_1,9,1,44.66522979736328,176.86245727539062
crystals_1,9,2,42.06715393066406,178.36245727539062
crystals_1,9,3,40.56715393066406,175.76437377929688
crystals_1,10,0,132.37001037597656,109.77159118652344
crystals_1,10,1,133.87001037597656,112.36967468261719
crystals_1,10,2,131.27194213867188,113.86967468261719
crystals_1,10,3,129.77194213867188,111.27159118652344
crystals_1,11,0,124.57577514648438,114.27159118652344
crystals_1,11,1,126.07577514648438,116.86967468261719
crystals_1,11,2,123.47770690917969,118.36967468261719
crystals_1,11,3,121.97770690917969,115.77159118652344
crystals_1,12,0,132.9459686279297,113.76919555664062
crystals_1,12,1,134.4459686279297,116.36726379394531
crystals_1,12,2,131.847900390625,117.86726379394531
crystals_1,12,3,130.347900390625,115.26919555664062
crystals_1,13,0,127.74981689453125,116.76919555664062
crystals_1,13,1,129.24981689453125,119.36726379394531
crystals_1,13,2,126.65174102783203,120.86726379394531
crystals_1,13,3,125.15174102783203,118.26919555664062
crystals_1,14,0,134.17144775390625,117.39178466796875
crystals_1,14,1,135.67144775390625,119.98985290527344
crystals_1,14,2,133.07337951660156,121.48985290527344
crystals_1,14,3,131.57337951660156,118.89178466796875
crystals_1,15,0,130.2743377685547,119.64178466796875
crystals_1,15,1,131.7743377685547,122.23985290527344
crystals_1,15,2,129.17626953125,123.73985290527344
crystals_1,15,3,127.67626190185547,121.14178466796875
crystals_1,16,0,134.097900390625,121.76437377929688
crystals_1,16,1,135.597900390625,124.36245727539062
crystals_1,16,2,132.99981689453125,125.86245727539062
crystals_1,16,3,131.49981689453125,123.26437377929688
crystals_1,17,0,119.37962341308594,117.27159118652344
crystals_1,17,1,120.87962341308594,119.86967468261719
crystals_1,17,2,118.28155517578125,121.36967468261719
crystals_1,17,3,116.78155517578125,118.77159118652344
crystals_1,18,0,111.58540344238281,121.77159118652344
crystals_1,18,1,113.08540344238281,124.36967468261719
crystals_1,18,2,110.48731994628906,125.86967468261719
crystals_1,18,3,108.98731994628906,123.27159118652344
crystals_1,19,0,119.9555892944336,121.26919555664062
crystals_1,19,1,121.4555892944336,123.86726379394531
crystals_1,19,2,118.85751342773438,125.36726379394531
crystals_1,19,3,117.35751342773438,122.76919555664062
crystals_1,20,0,114.75943756103516,124.26919555664062
crystals_1,20,1,116.25943756103516,126.86726379394531
crystals_1,20,2,113.66136169433594,128.3672637939453
crystals_1,20,3,112.16136169433594,125.76919555664062
crystals_1,21,0,110.86231994628906,126.51919555664062
crystals_1,21,1,112.36231994628906,129.1172637939453
crystals_1,21,2,109.76425170898438,130.6172637939453
crystals_1,21,3,108.26425170898438,128.01919555664062
crystals_1,22,0,123.85270690917969,119.01919555664062
crystals_1,22,1,125.35270690917969,121.61726379394531
crystals_1,22,2,122.75462341308594,123.11726379394531
crystals_1,22,3,121.25462341308594,120.51919555664062
crystals_1,23,0,121.18107604980469,124.89178466796875
crystals_1,23,1,122.68107604980469,127.48985290527344
crystals_1,23,2,120.08299255371094,128.98985290527344
crystals_1,23,3,118.58299255371094,126.39178466796875
crystals_1,24,0,117.2839584350586,127.14178466796875
crystals_1,24,1,118.7839584350586,129.73985290527344
crystals_1,24,2,116.18588256835938,131.23985290527344
crystals_1,24,3,114.68588256835938,128.64178466796875
crystals_1,25,0,121.10751342773438,129.26437377929688
crystals_1,25,1,122.60751342773438,131.86245727539062
crystals_1,25,2,120.00943756103516,133.36245727539062
crystals_1,25,3,118.50943756103516,130.76437377929688
crystals_1,26,0,106.38925170898438,124.77159118652344
crystals_1,26,1,107.88925170898438,127.36967468261719
crystals_1,26,2,105.29116821289062,128.8696746826172
crystals_1,26,3,103.79116821289062,126.27159118652344
crystals_1,27,0,98.59501647949219,129.27159118652344
crystals_1,27,1,100.09501647949219,131.8696746826172
crystals_1,27,2,97.49694061279297,133.3696746826172
crystals_1,27,3,95.99694061279297,130.77159118652344
crystals_1,28,0,106.9652099609375,128.76919555664062
crystals_1,28,1,108.4652099609375,131.3672637939453
crystals_1,28,2,105.86713409423828,132.8672637939453
crystals_1,28,3,104.36713409423828,130.26919555664062
crystals_1,29,0,101.76905822753906,131.76919555664062
crystals_1,29,1,103.26905822753906,134.3672637939453
crystals_1,29,2,100.67098236083984,135.8672637939453
crystals_1,29,3,99.17098236083984,133.26919555664062
crystals_1,30,0,97.87194061279297,134.01919555664062
crystals_1,30,1,99.37194061279297,136.6172637939453
crystals_1,30,2,96.77386474609375,138.1172637939453
crystals_1,30,3,95.27386474609375,135.51919555664062
crystals_1,31,0,84.88156127929688,141.51919555664062
crystals_1,31,1,86.38156127929688,144.1172637939453
crystals_1,31,2,83.78348541259766,145.6172637939453
crystals_1,31,3,82.28348541259766,143.01919555664062
crystals_1,32,0,108.19068908691406,132.39178466796875
crystals_1,32,1,109.69068908691406,134.98985290527344
crystals_1,32,2,107.09261322021484,136.48985290527344
crystals_1,32,3,105.59261322021484,133.89178466796875
crystals_1,33,0,104.2935791015625,134.64178466796875
crystals_1,33,1,105.7935791015625,137.23985290527344
crystals_1,33,2,103.19549560546875,138.73985290527344
crystals_1,33,3,101.69549560546875,136.14178466796875
crystals_1,34,0,108.11713409423828,136.76437377929688
crystals_1,34,1,109.61713409423828,139.36245727539062
crystals_1,34,2,107.01905822753906,140.86245727539062
crystals_1,34,3,105.51905822753906,138.26437377929688
crystals_1,35,0,93.39886474609375,132.27159118652344
crystals_1,35,1,94.89886474609375,134.8696746826172
crystals_1,35,2,92.30078887939453,136.3696746826172
crystals_1,35,3,90.80078887939453,133.77159118652344
crystals_1,36,0,85.6046371459961,136.77159118652344
crystals_1,36,1,87.1046371459961,139.3696746826172
crystals_1,36,2,84.50656127929688,140.8696746826172
crystals_1,36,3,83.00656127929688,138.27159118652344
crystals_1,37,0,93.9748306274414,136.26919555664062
crystals_1,37,1,95.4748306274414,138.8672637939453
crystals_1,37,2,92.87675476074219,140.3672637939453
crystals_1,37,3,91.37675476074219,137.76919555664062
crystals_1,38,0,88.77867889404297,139.26919555664062
crystals_1,38,1,90.27867889404297,141.8672637939453
crystals_1,38,2,87.68060302734375,143.3672637939453
crystals_1,38,3,86.18060302734375,140.76919555664062
crystals_1,39,0,95.20030975341797,139.89178466796875
crystals_1,39,1,96.70030975341797,142.48985290527344
crystals_1,39,2,94.10223388671875,143.98985290527344
crystals_1,39,3,92.60223388671875,141.39178466796875
crystals_1,40,0,91.30319213867188,142.14178466796875
crystals_1,40,1,92.80319213867188,144.73985290527344
crystals_1,40,2,90.20511627197266,146.23985290527344
crystals_1,40,3,88.70511627197266,143.64178466796875
crystals_1,41,0,95.12675476074219,144.26437377929688
crystals_1,41,1,96.62675476074219,146.86245727539062
crystals_1,41,2,94.02867889404297,148.36245727539062
crystals_1,41,3,92.52867889404297,145.76437377929688
crystals_1,42,0,80.40848541259766,139.77159118652344
crystals_1,42,1,81.90848541259766,142.3696746826172
crystals_1,42,2,79.31040954589844,143.8696746826172
crystals_1,42,3,77.81040954589844,141.27159118652344
crystals_1,43,0,72.6142578125,144.27159118652344
crystals_1,43,1,74.1142578125,146.8696746826172
crystals_1,43,2,71.51618194580078,148.3696746826172
crystals_1,43,3,70.01618194580078,145.77159118652344
crystals_1,44,0,80.98445129394531,143.76919555664062
crystals_1,44,1,82.48445129394531,146.3672637939453
crystals_1,44,2,79.88636779785156,147.8672637939453
crystals_1,44,3,78.38636779785156,145.26919555664062
crystals_1,45,0,75.78829956054688,146.76919555664062
crystals_1,45,1,77.28829956054688,149.3672637939453
crystals_1,45,2,74.69021606445312,150.8672637939453
crystals_1,45,3,73.19021606445312,148.26919555664062
crystals_1,46,0,82.20993041992188,147.39178466796875
crystals_1,46,1,83.70993041992188,149.98985290527344
crystals_1,46,2,81.11185455322266,151.48985290527344
crystals_1,46,3,79.61185455322266,148.89178466796875
crystals_1,47,0,78.31281280517578,149.64178466796875
crystals_1,47,1,79.81281280517578,152.23985290527344
crystals_1,47,2,77.21473693847656,153.73985290527344
crystals_1,47,3,75.71473693847656,151.14178466796875
crystals_1,48,0,82.13636779785156,151.76437377929688
crystals_1,48,1,83.63636779785156,154.36245727539062
crystals_1,48,2,81.03829956054688,155.86245727539062
crystals_1,48,3,79.53829956054688,153.26437377929688
crystals_1,49,0,54.42772674560547,154.77159118652344
crystals_1,49,1,55.92772674560547,157.3696746826172
crystals_1,49,2,53.32965087890625,158.8696746826172
crystals_1,49,3,51.82965087890625,156.27159118652344
crystals_1,50,0,46.63349533081055,159.27159118652344
crystals_1,50,1,48.13349533081055,161.8696746826172
crystals_1,50,2,45.53541946411133,163.3696746826172
crystals_1,50,3,44.03541946411133,160.77159118652344
crystals_1,51,0,55.003684997558594,158.76919555664062
crystals_1,51,1,56.503684997558594,161.3672637939453
crystals_1,51,2,53.905609130859375,162.8672637939453
crystals_1,51,3,52.405609130859375,160.26919555664062
crystals_1,52,0,49.807533264160156,161.76919555664062
crystals_1,52,1,51.307533264160156,164.3672637939453
crystals_1,52,2,48.70945739746094,165.8672637939453
crystals_1,52,3,47.20945739746094,163.26919555664062
crystals_1,53,0,56.22916793823242,162.39178466796875
crystals_1,53,1,57.72916793823242,164.98985290527344
crystals_1,53,2,55.13108825683594,166.48985290527344
crystals_1,53,3,53.63108825683594,163.89178466796875
crystals_1,54,0,52.332054138183594,164.64178466796875
crystals_1,54,1,53.832054138183594,167.23985290527344
crystals_1,54,2,51.233978271484375,168.73985290527344
crystals_1,54,3,49.733978271484375,166.14178466796875
crystals_1,55,0,56.155609130859375,166.76437377929688
crystals_1,55,1,57.655609130859375,169.36245727539062
crystals_1,55,2,55.057533264160156,170.86245727539062
crystals_1,55,3,53.557533264160156,168.26437377929688
crystals_1,56,0,67.41810607910156,147.27159118652344
crystals_1,56,1,68.91810607910156,149.8696746826172
crystals_1,56,2,66.32003021240234,151.3696746826172
crystals_1,56,3,64.82003021240234,148.77159118652344
crystals_1,57,0,59.623878479003906,151.77159118652344
crystals_1,57,1,61.123878479003906,154.3696746826172
crystals_1,57,2,58.52580261230469,155.8696746826172
crystals_1,57,3,57.02580261230469,153.27159118652344
crystals_1,58,0,67.99406433105469,151.26919555664062
crystals_1,58,1,69.49406433105469,153.8672637939453
crystals_1,58,2,66.89598846435547,155.3672637939453
crystals_1,58,3,65.39598846435547,152.76919555664062
crystals_1,59,0,62.79791259765625,154.26919555664062
crystals_1,59,1,64.29791259765625,156.8672637939453
crystals_1,59,2,61.69983673095703,158.3672637939453
crystals_1,59,3,60.19983673095703,155.76919555664062
crystals_1,60,0,69.21955108642578,154.89178466796875
crystals_1,60,1,70.71955108642578,157.48985290527344
crystals_1,60,2,68.12147521972656,158.98985290527344
crystals_1,60,3,66.62147521972656,156.39178466796875
crystals_1,61,0,65.32243347167969,157.14178466796875
crystals_1,61,1,66.82243347167969,159.73985290527344
crystals_1,61,2,64.22435760498047,161.23985290527344
crystals_1,61,3,62.72435760498047,158.64178466796875
crystals_1,62,0,69.14598846435547,159.26437377929688
crystals_1,62,1,70.64598846435547,161.86245727539062
crystals_1,62,2,68.04791259765625,163.36245727539062
crystals_1,62,3,66.54791259765625,160.76437377929688
plate_2,0,0,-15.824382781982422,155.4086151123047
plate_2,0,1,-16.824382781982422,157.1406707763672
plate_2,0,2,-23.969093322753906,153.0156707763672
plate_2,0,3,-22.969093322753906,151.2836151123047
plate_2,1,0,-26.43319320678711,149.2836151123047
plate_2,1,1,-27.43319320678711,151.0156707763672
plate_2,1,2,-36.95947265625,145.5156707763672
plate_2,1,3,-35.95947265625,143.7836151123047
plate_2,2,0,-39.42357635498047,141.7836151123047
plate_2,2,1,-40.42357635498047,143.5156707763672
plate_2,2,2,-49.949851989746094,138.0156707763672
plate_2,2,3,-48.949851989746094,136.2836151123047
plate_2,3,0,-52.41395568847656,134.2836151123047
plate_2,3,1,-53.41395568847656,136.0156707763672
plate_2,3,2,-62.94023513793945,130.5156707763672
plate_2,3,3,-61.94023513793945,128.7836151123047
plate_2,4,0,-65.40433502197266,126.78361511230469
plate_2,4,1,-66.40433502197266,128.5156707763672
plate_2,4,2,-75.93061828613281,123.01567077636719
plate_2,4,3,-74.93061828613281,121.28361511230469
plate_2,5,0,-78.39471435546875,119.28361511230469
plate_2,5,1,-79.39471435546875,121.01567077636719
plate_2,5,2,-88.9209976196289,115.51567077636719
plate_2,5,3,-87.9209976196289,113.78361511230469
plate_2,6,0,-91.38510131835938,111.78361511230469
plate_2,6,1,-92.38510131835938,113.51567077636719
plate_2,6,2,-101.911376953125,108.01567077636719
plate_2,6,3,-100.911376953125,106.28361511230469
plate_2,7,0,-104.37547302246094,104.28361511230469
plate_2,7,1,-105.37547302246094,106.01567077636719
plate_2,7,2,-114.9017562866211,100.51567077636719
plate_2,7,3,-113.9017562866211,98.78361511230469
plate_2,8,0,-117.36585998535156,96.78361511230469
plate_2,8,1,-118.36585998535156,98.51567077636719
plate_2,8,2,-127.67562866210938,93.14067077636719
plate_2,8,3,-126.67562866210938,91.40861511230469
plate_2,9,0,-126.67562866210938,91.40861511230469
plate_2,9,1,-127.67562866210938,93.14067077636719
plate_2,9,2,-144.50001525878906,63.99995803833008
plate_2,9,3,-142.49996948242188,63.99998092651367
crystals_2,0,0,-119.08958435058594,121.76919555664062
crystals_2,0,1,-120.58958435058594,124.36726379394531
crystals_2,0,2,-123.18765258789062,122.86726379394531
crystals_2,0,3,-121.68765258789062,120.26919555664062
crystals_2,1,0,-106.09919738769531,129.26919555664062
crystals_2,1,1,-107.59919738769531,131.8672637939453
crystals_2,1,2,-110.19727325439453,130.3672637939453
crystals_2,1,3,-108.69727325439453,127.76919555664062
crystals_2,2,0,-93.10881805419922,136.76919555664062
crystals_2,2,1,-94.60881805419922,139.3672637939453
crystals_2,2,2,-97.20689392089844,137.8672637939453
crystals_2,2,3,-95.70689392089844,135.26919555664062
crystals_2,3,0,-119.81265258789062,117.02159118652344
crystals_2,3,1,-121.31265258789062,119.61967468261719
crystals_2,3,2,-123.91073608398438,118.11967468261719
crystals_2,3,3,-122.41073608398438,115.52159118652344
crystals_2,4,0,-127.60688781738281,112.52159118652344
crystals_2,4,1,-129.1068878173828,115.11967468261719
crystals_2,4,2,-131.7049560546875,113.61967468261719
crystals_2,4,3,-130.2049560546875,111.02159118652344
crystals_2,5,0,-122.9866943359375,119.51919555664062
crystals_2,5,1,-124.4866943359375,122.11726379394531
crystals_2,5,2,-127.08477020263672,120.61726379394531
crystals_2,5,3,-125.58477020263672,118.01919555664062
crystals_2,6,0,-128.18284606933594,116.51919555664062
crystals_2,6,1,-129.68284606933594,119.11726379394531
crystals_2,6,2,-132.28091430664062,117.61726379394531
crystals_2,6,3,-130.78091430664062,115.01919555664062
crystals_2,7,0,-125.51121520996094,122.39178466796875
crystals_2,7,1,-127.01121520996094,124.98985290527344
crystals_2,7,2,-129.60928344726562,123.48985290527344
crystals_2,7,3,-128.10928344726562,120.89178466796875
crystals_2,8,0,-129.4083251953125,120.14178466796875
crystals_2,8,1,-130.9083251953125,122.73985290527344
crystals_2,8,2,-133.50640869140625,121.23985290527344
crystals_2,8,3,-132.00640869140625,118.64178466796875
crystals_2,9,0,-129.33477783203125,124.51437377929688
crystals_2,9,1,-130.83477783203125,127.11245727539062
crystals_2,9,2,-133.43284606933594,125.61245727539062
crystals_2,9,3,-131.93284606933594,123.01437377929688
crystals_2,10,0,-28.879989624023438,169.52159118652344
crystals_2,10,1,-30.379989624023438,172.1196746826172
crystals_2,10,2,-32.978065490722656,170.6196746826172
crystals_2,10,3,-31.478065490722656,168.02159118652344
crystals_2,11,0,-36.67422103881836,165.02159118652344
crystals_2,11,1,-38.17422103881836,167.6196746826172
crystals_2,11,2,-40.77229690551758,166.1196746826172
crystals_2,11,3,-39.27229690551758,163.52159118652344
crystals_2,12,0,-32.05402755737305,172.01919555664062
crystals_2,12,1,-33.55402755737305,174.6172637939453
crystals_2,12,2,-36.152103424072266,173.1172637939453
crystals_2,12,3,-34.652103424072266,170.51919555664062
crystals_2,13,0,-37.250179290771484,169.01919555664062
crystals_2,13,1,-38.750179290771484,171.6172637939453
crystals_2,13,2,-41.34825897216797,170.1172637939453
crystals_2,13,3,-39.84825897216797,167.51919555664062
crystals_2,14,0,-34.578548431396484,174.89178466796875
crystals_2,14,1,-36.078548431396484,177.48985290527344
crystals_2,14,2,-38.6766242980957,175.98985290527344
crystals_2,14,3,-37.1766242980957,173.39178466796875
crystals_2,15,0,-38.47566223144531,172.64178466796875
crystals_2,15,1,-39.97566223144531,175.23985290527344
crystals_2,15,2,-42.57373809814453,173.73985290527344
crystals_2,15,3,-41.07373809814453,171.14178466796875
crystals_2,16,0,-38.402103424072266,177.01437377929688
crystals_2,16,1,-39.902103424072266,179.61245727539062
crystals_2,16,2,-42.500179290771484,178.11245727539062
crystals_2,16,3,-41.000179290771484,175.51437377929688
crystals_2,17,0,-41.8703727722168,162.02159118652344
crystals_2,17,1,-43.3703727722168,164.6196746826172
crystals_2,17,2,-45.968448638916016,163.1196746826172
crystals_2,17,3,-44.468448638916016,160.52159118652344
crystals_2,18,0,-49.66460037231445,157.52159118652344
crystals_2,18,1,-51.16460037231445,160.1196746826172
crystals_2,18,2,-53.76267623901367,158.6196746826172
crystals_2,18,3,-52.26267623901367,156.02159118652344
crystals_2,19,0,-45.044410705566406,164.51919555664062
crystals_2,19,1,-46.544410705566406,167.1172637939453
crystals_2,19,2,-49.142486572265625,165.6172637939453
crystals_2,19,3,-47.642486572265625,163.01919555664062
crystals_2,20,0,-50.240562438964844,161.51919555664062
crystals_2,20,1,-51.740562438964844,164.1172637939453
crystals_2,20,2,-54.33863830566406,162.6172637939453
crystals_2,20,3,-52.83863830566406,160.01919555664062
crystals_2,21,0,-54.13767623901367,159.26919555664062
crystals_2,21,1,-55.63767623901367,161.8672637939453
crystals_2,21,2,-58.23575210571289,160.3672637939453
crystals_2,21,3,-56.73575210571289,157.76919555664062
crystals_2,22,0,-41.14729690551758,166.76919555664062
crystals_2,22,1,-42.64729690551758,169.3672637939453
crystals_2,22,2,-45.2453727722168,167.8672637939453
crystals_2,22,3,-43.7453727722168,165.26919555664062
crystals_2,23,0,-47.56892776489258,167.39178466796875
crystals_2,23,1,-49.06892776489258,169.98985290527344
crystals_2,23,2,-51.6670036315918,168.48985290527344
crystals_2,23,3,-50.1670036315918,165.89178466796875
crystals_2,24,0,-51.466041564941406,165.14178466796875
crystals_2,24,1,-52.966041564941406,167.73985290527344
crystals_2,24,2,-55.564117431640625,166.23985290527344
crystals_2,24,3,-54.064117431640625,163.64178466796875
crystals_2,25,0,-51.392486572265625,169.51437377929688
crystals_2,25,1,-52.892486572265625,172.11245727539062
crystals_2,25,2,-55.490562438964844,170.61245727539062
crystals_2,25,3,-53.990562438964844,168.01437377929688
crystals_2,26,0,-54.86075210571289,154.52159118652344
crystals_2,26,1,-56.36075210571289,157.1196746826172
crystals_2,26,2,-58.95882797241211,155.6196746826172
crystals_2,26,3,-57.45882797241211,153.02159118652344
crystals_2,27,0,-62.65498352050781,150.02159118652344
crystals_2,27,1,-64.15498352050781,152.6196746826172
crystals_2,27,2,-66.75305938720703,151.1196746826172
crystals_2,27,3,-65.25305938720703,148.52159118652344
crystals_2,28,0,-58.0347900390625,157.01919555664062
crystals_2,28,1,-59.5347900390625,159.6172637939453
crystals_2,28,2,-62.13286590576172,158.1172637939453
crystals_2,28,3,-60.63286590576172,155.51919555664062
crystals_2,29,0,-63.23094177246094,154.01919555664062
crystals_2,29,1,-64.73094177246094,156.6172637939453
crystals_2,29,2,-67.32901763916016,155.1172637939453
crystals_2,29,3,-65.82901763916016,152.51919555664062
crystals_2,30,0,-67.12805938720703,151.76919555664062
crystals_2,30,1,-68.62805938720703,154.3672637939453
crystals_2,30,2,-71.22613525390625,152.8672637939453
crystals_2,30,3,-69.72613525390625,150.26919555664062
crystals_2,31,0,-80.11843872070312,144.26919555664062
crystals_2,31,1,-81.61843872070312,146.8672637939453
crystals_2,31,2,-84.21651458740234,145.3672637939453
crystals_2,31,3,-82.71651458740234,142.76919555664062
crystals_2,32,0,-60.55931091308594,159.89178466796875
crystals_2,32,1,-62.05931091308594,162.48985290527344
crystals_2,32,2,-64.65738677978516,160.98985290527344
crystals_2,32,3,-63.157386779785156,158.39178466796875
crystals_2,33,0,-64.4564208984375,157.64178466796875
crystals_2,33,1,-65.9564208984375,160.23985290527344
crystals_2,33,2,-68.55450439453125,158.73985290527344
crystals_2,33,3,-67.05450439453125,156.14178466796875
crystals_2,34,0,-64.38286590576172,162.01437377929688
crystals_2,34,1,-65.88286590576172,164.61245727539062
crystals_2,34,2,-68.48094177246094,163.11245727539062
crystals_2,34,3,-66.98094177246094,160.51437377929688
crystals_2,35,0,-67.85113525390625,147.02159118652344
crystals_2,35,1,-69.35113525390625,149.6196746826172
crystals_2,35,2,-71.94921112060547,148.1196746826172
crystals_2,35,3,-70.44921112060547,145.52159118652344
crystals_2,36,0,-75.6453628540039,142.52159118652344
crystals_2,36,1,-77.1453628540039,145.1196746826172
crystals_2,36,2,-79.74343872070312,143.6196746826172
crystals_2,36,3,-78.24343872070312,141.02159118652344
crystals_2,37,0,-71.0251693725586,149.51919555664062
crystals_2,37,1,-72.5251693725586,152.1172637939453
crystals_2,37,2,-75.12324523925781,150.6172637939453
crystals_2,37,3,-73.62324523925781,148.01919555664062
crystals_2,38,0,-76.22132110595703,146.51919555664062
crystals_2,38,1,-77.72132110595703,149.1172637939453
crystals_2,38,2,-80.31939697265625,147.6172637939453
crystals_2,38,3,-78.81939697265625,145.01919555664062
crystals_2,39,0,-73.54969024658203,152.39178466796875
crystals_2,39,1,-75.04969024658203,154.98985290527344
crystals_2,39,2,-77.64776611328125,153.48985290527344
crystals_2,39,3,-76.14776611328125,150.89178466796875
crystals_2,40,0,-77.44680786132812,150.14178466796875
crystals_2,40,1,-78.94680786132812,152.73985290527344
crystals_2,40,2,-81.54488372802734,151.23985290527344
crystals_2,40,3,-80.04488372802734,148.64178466796875
crystals_2,41,0,-77.37324523925781,154.51437377929688
crystals_2,41,1,-78.87324523925781,157.11245727539062
crystals_2,41,2,-81.47132110595703,155.61245727539062
crystals_2,41,3,-79.97132110595703,153.01437377929688
crystals_2,42,0,-80.84151458740234,139.52159118652344
crystals_2,42,1,-82.34151458740234,142.1196746826172
crystals_2,42,2,-84.93959045410156,140.6196746826172
crystals_2,42,3,-83.43959045410156,138.02159118652344
crystals_2,43,0,-88.6357421875,135.02159118652344
crystals_2,43,1,-90.1357421875,137.6196746826172
crystals_2,43,2,-92.73381805419922,136.1196746826172
crystals_2,43,3,-91.23381805419922,133.52159118652344
crystals_2,44,0,-84.01554870605469,142.01919555664062
crystals_2,44,1,-85.51554870605469,144.6172637939453
crystals_2,44,2,-88.11363220214844,143.1172637939453
crystals_2,44,3,-86.61363220214844,140.51919555664062
crystals_2,45,0,-89.21170043945312,139.01919555664062
crystals_2,45,1,-90.71170043945312,141.6172637939453
crystals_2,45,2,-93.30978393554688,140.1172637939453
crystals_2,45,3,-91.80978393554688,137.51919555664062
crystals_2,46,0,-86.54006958007812,144.89178466796875
crystals_2,46,1,-88.04006958007812,147.48985290527344
crystals_2,46,2,-90.63814544677734,145.98985290527344
crystals_2,46,3,-89.13814544677734,143.39178466796875
crystals_2,47,0,-90.43718719482422,142.64178466796875
crystals_2,47,1,-91.93718719482422,145.23985290527344
crystals_2,47,2,-94.53526306152344,143.73985290527344
crystals_2,47,3,-93.03526306152344,141.14178466796875
crystals_2,48,0,-90.36363220214844,147.01437377929688
crystals_2,48,1,-91.86363220214844,149.61245727539062
crystals_2,48,2,-94.46170043945312,148.11245727539062
crystals_2,48,3,-92.96170043945312,145.51437377929688
crystals_2,49,0,-106.82227325439453,124.52159118652344
crystals_2,49,1,-108.32227325439453,127.11967468261719
crystals_2,49,2,-110.92034912109375,125.61967468261719
crystals_2,49,3,-109.42034912109375,123.02159118652344
crystals_2,50,0,-114.61650085449219,120.02159118652344
crystals_2,50,1,-116.11650085449219,122.61967468261719
crystals_2,50,2,-118.71458435058594,121.11967468261719
crystals_2,50,3,-117.21458435058594,118.52159118652344
crystals_2,51,0,-109.9963150024414,127.01919555664062
crystals_2,51,1,-111.4963150024414,129.6172637939453
crystals_2,51,2,-114.09439086914062,128.1172637939453
crystals_2,51,3,-112.59439086914062,125.51919555664062
crystals_2,52,0,-115.19246673583984,124.01919555664062
crystals_2,52,1,-116.69246673583984,126.61726379394531
crystals_2,52,2,-119.29054260253906,125.11726379394531
crystals_2,52,3,-117.79054260253906,122.51919555664062
crystals_2,53,0,-112.52082824707031,129.89178466796875
crystals_2,53,1,-114.02082824707031,132.48985290527344
crystals_2,53,2,-116.61891174316406,130.98985290527344
crystals_2,53,3,-115.11891174316406,128.39178466796875
crystals_2,54,0,-116.4179458618164,127.64178466796875
crystals_2,54,1,-117.9179458618164,130.23985290527344
crystals_2,54,2,-120.51602172851562,128.73985290527344
crystals_2,54,3,-119.01602172851562,126.14178466796875
crystals_2,55,0,-116.34439086914062,132.01437377929688
crystals_2,55,1,-117.84439086914062,134.61245727539062
crystals_2,55,2,-120.44246673583984,133.11245727539062
crystals_2,55,3,-118.94246673583984,130.51437377929688
crystals_2,56,0,-93.83189392089844,132.02159118652344
crystals_2,56,1,-95.33189392089844,134.6196746826172
crystals_2,56,2,-97.92996978759766,133.1196746826172
crystals_2,56,3,-96.42996978759766,130.52159118652344
crystals_2,57,0,-101.6261215209961,127.52159118652344
crystals_2,57,1,-103.1261215209961,130.1196746826172
crystals_2,57,2,-105.72419738769531,128.6196746826172
crystals_2,57,3,-104.22419738769531,126.02159118652344
crystals_2,58,0,-97.00593566894531,134.51919555664062
crystals_2,58,1,-98.50593566894531,137.1172637939453
crystals_2,58,2,-101.10401153564453,135.6172637939453
crystals_2,58,3,-99.60401153564453,133.01919555664062
crystals_2,59,0,-102.20208740234375,131.51919555664062
crystals_2,59,1,-103.70208740234375,134.1172637939453
crystals_2,59,2,-106.30016326904297,132.6172637939453
crystals_2,59,3,-104.80016326904297,130.01919555664062
crystals_2,60,0,-99.53044891357422,137.39178466796875
crystals_2,60,1,-101.03044891357422,139.98985290527344
crystals_2,60,2,-103.62852478027344,138.48985290527344
crystals_2,60,3,-102.12852478027344,135.89178466796875
crystals_2,61,0,-103.42756652832031,135.14178466796875
crystals_2,61,1,-104.92756652832031,137.73985290527344
crystals_2,61,2,-107.52564239501953,136.23985290527344
crystals_2,61,3,-106.02564239501953,133.64178466796875
crystals_2,62,0,-103.35401153564453,139.51437377929688
crystals_2,62,1,-104.85401153564453,142.11245727539062
crystals_2,62,2,-107.45208740234375,140.61245727539062
crystals_2,62,3,-105.95208740234375,138.01437377929688
plate_3,0,0,-142.5,63.9999885559082
plate_3,0,1,-144.5,63.9999885559082
plate_3,0,2,-144.5,55.7499885559082
plate_3,0,3,-142.5,55.7499885559082
plate_3,1,0,-142.5,51.7499885559082
plate_3,1,1,-144.5,51.7499885559082
plate_3,1,2,-144.5,40.7499885559082
plate_3,1,3,-142.5,40.7499885559082
plate_3,2,0,-142.5,36.7499885559082
plate_3,2,1,-144.5,36.7499885559082
plate_3,2,2,-144.5,25.74998664855957
plate_3,2,3,-142.5,25.74998664855957
plate_3,3,0,-142.5,21.74998664855957
plate_3,3,1,-144.5,21.74998664855957
plate_3,3,2,-144.5,10.749987602233887
plate_3,3,3,-142.5,10.749987602233887
plate_3,4,0,-142.5,6.749987602233887
plate_3,4,1,-144.5,6.749987602233887
plate_3,4,2,-144.5,-4.250012397766113
plate_3,4,3,-142.5,-4.250012397766113
plate_3,5,0,-142.5,-8.250012397766113
plate_3,5,1,-144.5,-8.250012397766113
plate_3,5,2,-144.5,-19.25001335144043
plate_3,5,3,-142.5,-19.25001335144043
plate_3,6,0,-142.5,-23.25001335144043
plate_3,6,1,-144.5,-23.25001335144043
plate_3,6,2,-144.5,-34.2500114440918
plate_3,6,3,-142.5,-34.2500114440918
plate_3,7,0,-142.5,-38.2500114440918
plate_3,7,1,-144.5,-38.2500114440918
plate_3,7,2,-144.5,-49.2500114440918
plate_3,7,3,-142.5,-49.2500114440918
plate_3,8,0,-142.5,-53.2500114440918
plate_3,8,1,-144.5,-53.2500114440918
plate_3,8,2,-144.5,-64.00001525878906
plate_3,8,3,-142.5,-64.00001525878906
plate_3,9,0,-142.5,-64.00001525878906
plate_3,9,1,-144.5,-64.00001525878906
plate_3,9,2,-127.67559051513672,-93.14070892333984
plate_3,9,3,-126.67559051513672,-91.40860748291016
crystals_3,0,0,-165.0,-42.25001525878906
crystals_3,0,1,-168.0,-42.25001525878906
crystals_3,0,2,-168.0,-45.25001525878906
crystals_3,0,3,-165.0,-45.25001525878906
crystals_3,1,0,-165.0,-27.250015258789062
crystals_3,1,1,-168.0,-27.250015258789062
crystals_3,1,2,-168.0,-30.250015258789062
crystals_3,1,3,-165.0,-30.250015258789062
crystals_3,2,0,-165.0,-12.250014305114746
crystals_3,2,1,-168.0,-12.250014305114746
crystals_3,2,2,-168.0,-15.250014305114746
crystals_3,2,3,-165.0,-15.250014305114746
crystals_3,3,0,-161.25,-45.25001525878906
crystals_3,3,1,-164.25,-45.25001525878906
crystals_3,3,2,-164.25,-48.25001525878906
crystals_3,3,3,-161.25,-48.25001525878906
crystals_3,4,0,-161.25,-54.25001525878906
crystals_3,4,1,-164.25,-54.25001525878906
crystals_3,4,2,-164.25,-57.25001525878906
crystals_3,4,3,-161.25,-57.25001525878906
crystals_3,5,0,-165.0,-46.75001525878906
crystals_3,5,1,-168.0,-46.75001525878906
crystals_3,5,2,-168.0,-49.75001525878906
crystals_3,5,3,-165.0,-49.75001525878906
crystals_3,6,0,-165.0,-52.75001525878906
crystals_3,6,1,-168.0,-52.75001525878906
crystals_3,6,2,-168.0,-55.75001525878906
crystals_3,6,3,-165.0,-55.75001525878906
crystals_3,7,0,-168.75,-47.50001525878906
crystals_3,7,1,-171.75,-47.50001525878906
crystals_3,7,2,-171.75,-50.50001525878906
crystals_3,7,3,-168.75,-50.50001525878906
crystals_3,8,0,-168.75,-52.00001525878906
crystals_3,8,1,-171.75,-52.00001525878906
crystals_3,8,2,-171.75,-55.00001525878906
crystals_3,8,3,-168.75,-55.00001525878906
crystals_3,9,0,-172.5,-49.75001525878906
crystals_3,9,1,-175.5,-49.75001525878906
crystals_3,9,2,-175.5,-52.75001525878906
crystals_3,9,3,-172.5,-52.75001525878906
crystals_3,10,0,-161.25,59.74998474121094
crystals_3,10,1,-164.25,59.74998474121094
crystals_3,10,2,-164.25,56.74998474121094
crystals_3,10,3,-161.25,56.74998474121094
crystals_3,11,0,-161.25,50.74998474121094
crystals_3,11,1,-164.25,50.74998474121094
crystals_3,11,2,-164.25,47.74998474121094
crystals_3,11,3,-161.25,47.74998474121094
crystals_3,12,0,-165.0,58.24998474121094
crystals_3,12,1,-168.0,58.24998474121094
crystals_3,12,2,-168.0,55.24998474121094
crystals_3,12,3,-165.0,55.24998474121094
crystals_3,13,0,-165.0,52.24998474121094
crystals_3,13,1,-168.0,52.24998474121094
crystals_3,13,2,-168.0,49.24998474121094
crystals_3,13,3,-165.0,49.24998474121094
crystals_3,14,0,-168.75,57.49998474121094
crystals_3,14,1,-171.75,57.49998474121094
crystals_3,14,2,-171.75,54.49998474121094
crystals_3,14,3,-168.75,54.49998474121094
crystals_3,15,0,-168.75,52.99998474121094
crystals_3,15,1,-171.75,52.99998474121094
crystals_3,15,2,-171.75,49.99998474121094
crystals_3,15,3,-168.75,49.99998474121094
crystals_3,16,0,-172.5,55.24998474121094
crystals_3,16,1,-175.5,55.24998474121094
crystals_3,16,2,-175.5,52.24998474121094
crystals_3,16,3,-172.5,52.24998474121094
crystals_3,17,0,-161.25,44.74998474121094
crystals_3,17,1,-164.25,44.74998474121094
crystals_3,17,2,-164.25,41.74998474121094
crystals_3,17,3,-161.25,41.74998474121094
crystals_3,18,0,-161.25,35.74998474121094
crystals_3,18,1,-164.25,35.74998474121094
crystals_3,18,2,-164.25,32.74998474121094
crystals_3,18,3,-161.25,32.74998474121094
crystals_3,19,0,-165.0,43.24998474121094
crystals_3,19,1,-168.0,43.24998474121094
crystals_3,19,2,-168.0,40.24998474121094
crystals_3,19,3,-165.0,40.24998474121094
crystals_3,20,0,-165.0,37.24998474121094
crystals_3,20,1,-168.0,37.24998474121094
crystals_3,20,2,-168.0,34.24998474121094
crystals_3,20,3,-165.0,34.24998474121094
crystals_3,21,0,-165.0,32.74998474121094
crystals_3,21,1,-168.0,32.74998474121094
crystals_3,21,2,-168.0,29.749984741210938
crystals_3,21,3,-165.0,29.749984741210938
crystals_3,22,0,-165.0,47.74998474121094
crystals_3,22,1,-168.0,47.74998474121094
crystals_3,22,2,-168.0,44.74998474121094
crystals_3,22,3,-165.0,44.74998474121094
crystals_3,23,0,-168.75,42.49998474121094
crystals_3,23,1,-171.75,42.49998474121094
crystals_3,23,2,-171.75,39.49998474121094
crystals_3,23,3,-168.75,39.49998474121094
crystals_3,24,0,-168.75,37.99998474121094
crystals_3,24,1,-171.75,37.99998474121094
crystals_3,24,2,-171.75,34.99998474121094
crystals_3,24,3,-168.75,34.99998474121094
crystals_3,25,0,-172.5,40.24998474121094
crystals_3,25,1,-175.5,40.24998474121094
crystals_3,25,2,-175.5,37.24998474121094
crystals_3,25,3,-172.5,37.24998474121094
crystals_3,26,0,-161.25,29.74998664855957
crystals_3,26,1,-164.25,29.749984741210938
crystals_3,26,2,-164.25,26.749984741210938
crystals_3,26,3,-161.25,26.74998664855957
crystals_3,27,0,-161.25,20.74998664855957
crystals_3,27,1,-164.25,20.749984741210938
crystals_3,27,2,-164.25,17.749984741210938
crystals_3,27,3,-161.25,17.74998664855957
crystals_3,28,0,-165.0,28.249984741210938
crystals_3,28,1,-168.0,28.249984741210938
crystals_3,28,2,-168.0,25.249984741210938
crystals_3,28,3,-165.0,25.249984741210938
crystals_3,29,0,-165.0,22.249984741210938
crystals_3,29,1,-168.0,22.249984741210938
crystals_3,29,2,-168.0,19.249984741210938
crystals_3,29,3,-165.0,19.249984741210938
crystals_3,30,0,-165.0,17.749984741210938
crystals_3,30,1,-168.0,17.749984741210938
crystals_3,30,2,-168.0,14.749985694885254
crystals_3,30,3,-165.0,14.749985694885254
crystals_3,31,0,-165.0,2.749985456466675
crystals_3,31,1,-168.0,2.7499852180480957
crystals_3,31,2,-168.0,-0.25001469254493713
crystals_3,31,3,-165.0,-0.25001442432403564
crystals_3,32,0,-168.75,27.499984741210938
crystals_3,32,1,-171.75,27.499984741210938
crystals_3,32,2,-171.75,24.499984741210938
crystals_3,32,3,-168.75,24.499984741210938
crystals_3,33,0,-168.75,22.999984741210938
crystals_3,33,1,-171.75,22.999984741210938
crystals_3,33,2,-171.75,19.999984741210938
crystals_3,33,3,-168.75,19.999984741210938
crystals_3,34,0,-172.5,25.249984741210938
crystals_3,34,1,-175.5,25.249984741210938
crystals_3,34,2,-175.5,22.249984741210938
crystals_3,34,3,-172.5,22.249984741210938
crystals_3,35,0,-161.25,14.749985694885254
crystals_3,35,1,-164.25,14.749985694885254
crystals_3,35,2,-164.25,11.749985694885254
crystals_3,35,3,-161.25,11.749985694885254
crystals_3,36,0,-161.25,5.749985694885254
crystals_3,36,1,-164.25,5.749985694885254
crystals_3,36,2,-164.25,2.749985694885254
crystals_3,36,3,-161.25,2.749985933303833
crystals_3,37,0,-165.0,13.249985694885254
crystals_3,37,1,-168.0,13.249985694885254
crystals_3,37,2,-168.0,10.249985694885254
crystals_3,37,3,-165.0,10.249985694885254
crystals_3,38,0,-165.0,7.249985694885254
crystals_3,38,1,-168.0,7.249985218048096
crystals_3,38,2,-168.0,4.249985218048096
crystals_3,38,3,-165.0,4.249985694885254
crystals_3,39,0,-168.75,12.499985694885254
crystals_3,39,1,-171.75,12.499984741210938
crystals_3,39,2,-171.75,9.499984741210938
crystals_3,39,3,-168.75,9.499985694885254
crystals_3,40,0,-168.75,7.999985218048096
crystals_3,40,1,-171.75,7.999985218048096
crystals_3,40,2,-171.75,4.999985218048096
crystals_3,40,3,-168.75,4.999985218048096
crystals_3,41,0,-172.5,10.249984741210938
crystals_3,41,1,-175.5,10.249984741210938
crystals_3,41,2,-175.5,7.2499847412109375
crystals_3,41,3,-172.5,7.2499847412109375
crystals_3,42,0,-161.25,-0.2500140964984894
crystals_3,42,1,-164.25,-0.25001436471939087
crystals_3,42,2,-164.25,-3.250014305114746
crystals_3,42,3,-161.25,-3.250014066696167
crystals_3,43,0,-161.25,-9.250014305114746
crystals_3,43,1,-164.25,-9.250014305114746
crystals_3,43,2,-164.25,-12.250014305114746
crystals_3,43,3,-161.25,-12.250014305114746
crystals_3,44,0,-165.0,-1.7500144243240356
crystals_3,44,1,-168.0,-1.7500146627426147
crystals_3,44,2,-168.0,-4.750014781951904
crystals_3,44,3,-165.0,-4.750014305114746
crystals_3,45,0,-165.0,-7.750014305114746
crystals_3,45,1,-168.0,-7.750014781951904
crystals_3,45,2,-168.0,-10.750014305114746
crystals_3,45,3,-165.0,-10.750014305114746
crystals_3,46,0,-168.75,-2.5000147819519043
crystals_3,46,1,-171.75,-2.5000150203704834
crystals_3,46,2,-171.75,-5.500014781951904
crystals_3,46,3,-168.75,-5.500014781951904
crystals_3,47,0,-168.75,-7.000014781951904
crystals_3,47,1,-171.75,-7.000014781951904
crystals_3,47,2,-171.75,-10.000015258789062
crystals_3,47,3,-168.75,-10.000014305114746
crystals_3,48,0,-172.5,-4.7500152587890625
crystals_3,48,1,-175.5,-4.7500152587890625
crystals_3,48,2,-175.5,-7.7500152587890625
crystals_3,48,3,-172.5,-7.7500152587890625
crystals_3,49,0,-161.25,-30.25001335144043
crystals_3,49,1,-164.25,-30.250015258789062
crystals_3,49,2,-164.25,-33.25001525878906
crystals_3,49,3,-161.25,-33.25001525878906
crystals_3,50,0,-161.25,-39.25001525878906
crystals_3,50,1,-164.25,-39.25001525878906
crystals_3,50,2,-164.25,-42.25001525878906
crystals_3,50,3,-161.25,-42.25001525878906
crystals_3,51,0,-165.0,-31.750015258789062
crystals_3,51,1,-168.0,-31.750015258789062
crystals_3,51,2,-168.0,-34.75001525878906
crystals_3,51,3,-165.0,-34.75001525878906
crystals_3,52,0,-165.0,-37.75001525878906
crystals_3,52,1,-168.0,-37.75001525878906
crystals_3,52,2,-168.0,-40.75001525878906
crystals_3,52,3,-165.0,-40.75001525878906
crystals_3,53,0,-168.75,-32.50001525878906
crystals_3,53,1,-171.75,-32.50001525878906
crystals_3,53,2,-171.75,-35.50001525878906
crystals_3,53,3,-168.75,-35.50001525878906
crystals_3,54,0,-168.75,-37.00001525878906
crystals_3,54,1,-171.75,-37.00001525878906
crystals_3,54,2,-171.75,-40.00001525878906
crystals_3,54,3,-168.75,-40.00001525878906
crystals_3,55,0,-172.5,-34.75001525878906
crystals_3,55,1,-175.5,-34.75001525878906
crystals_3,55,2,-175.5,-37.75001525878906
crystals_3,55,3,-172.5,-37.75001525878906
crystals_3,56,0,-161.25,-15.250014305114746
crystals_3,56,1,-164.25,-15.250014305114746
crystals_3,56,2,-164.25,-18.250015258789062
crystals_3,56,3,-161.25,-18.25001335144043
crystals_3,57,0,-161.25,-24.25001335144043
crystals_3,57,1,-164.25,-24.250015258789062
crystals_3,57,2,-164.25,-27.250015258789062
crystals_3,57,3,-161.25,-27.25001335144043
crystals_3,58,0,-165.0,-16.750015258789062
crystals_3,58,1,-168.0,-16.750015258789062
crystals_3,58,2,-168.0,-19.750015258789062
crystals_3,58,3,-165.0,-19.750015258789062
crystals_3,59,0,-165.0,-22.750015258789062
crystals_3,59,1,-168.0,-22.750015258789062
crystals_3,59,2,-168.0,-25.750015258789062
crystals_3,59,3,-165.0,-25.750015258789062
crystals_3,60,0,-168.75,-17.500015258789062
crystals_3,60,1,-171.75,-17.500015258789062
crystals_3,60,2,-171.75,-20.500015258789062
crystals_3,60,3,-168.75,-20.500015258789062
crystals_3,61,0,-168.75,-22.000015258789062
crystals_3,61,1,-171.75,-22.000015258789062
crystals_3,61,2,-171.75,-25.000015258789062
crystals_3,61,3,-168.75,-25.000015258789062
crystals_3,62,0,-172.5,-19.750015258789062
crystals_3,62,1,-175.5,-19.750015258789062
crystals_3,62,2,-175.5,-22.750015258789062
crystals_3,62,3,-172.5,-22.750015258789062
plate_4,0,0,-126.67561340332031,-91.40863037109375
plate_4,0,1,-127.67561340332031,-93.14068603515625
plate_4,0,2,-120.53089904785156,-97.26568603515625
plate_4,0,3,-119.53089904785156,-95.53363037109375
plate_4,1,0,-116.06680297851562,-97.53363037109375
plate_4,1,1,-117.06680297851562,-99.26568603515625
plate_4,1,2,-107.54052734375,-104.76568603515625
plate_4,1,3,-106.54052734375,-103.03363037109375
plate_4,2,0,-103.076416015625,-105.03363037109375
plate_4,2,1,-104.076416015625,-106.76568603515625
plate_4,2,2,-94.55014038085938,-112.26567840576172
plate_4,2,3,-93.55014038085938,-110.53362274169922
plate_4,3,0,-90.0860366821289,-112.53362274169922
plate_4,3,1,-91.0860366821289,-114.26567840576172
plate_4,3,2,-81.55976104736328,-119.76567840576172
plate_4,3,3,-80.55976104736328,-118.03362274169922
plate_4,4,0,-77.09565734863281,-120.03362274169922
plate_4,4,1,-78.09565734863281,-121.76567840576172
plate_4,4,2,-68.56937408447266,-127.26567840576172
plate_4,4,3,-67.56937408447266,-125.53362274169922
plate_4,5,0,-64.10527801513672,-127.53362274169922
plate_4,5,1,-65.10527801513672,-129.2656707763672
plate_4,5,2,-55.57899475097656,-134.7656707763672
plate_4,5,3,-54.57899475097656,-133.0336151123047
plate_4,6,0,-51.114891052246094,-135.0336151123047
plate_4,6,1,-52.114891052246094,-136.7656707763672
plate_4,6,2,-42.58861541748047,-142.2656707763672
plate_4,6,3,-41.58861541748047,-140.5336151123047
plate_4,7,0,-38.12451171875,-142.5336151123047
plate_4,7,1,-39.12451171875,-144.2656707763672
plate_4,7,2,-29.59823226928711,-149.7656707763672
plate_4,7,3,-28.59823226928711,-148.0336151123047
plate_4,8,0,-25.13412857055664,-150.0336151123047
plate_4,8,1,-26.13412857055664,-151.7656707763672
plate_4,8,2,-16.824356079101562,-157.1406707763672
plate_4,8,3,-15.824356079101562,-155.4086151123047
plate_4,9,0,-15.824356079101562,-155.4086151123047
plate_4,9,1,-16.824356079101562,-157.1406707763672
plate_4,9,2,16.82442855834961,-157.14065551757812
plate_4,9,3,15.824382781982422,-155.40858459472656
crystals_4,0,0,-45.91040802001953,-164.01919555664062
crystals_4,0,1,-47.41040802001953,-166.61727905273438
crystals_4,0,2,-44.81233215332031,-168.11727905273438
crystals_4,0,3,-43.31233215332031,-165.51919555664062
crystals_4,1,0,-58.90079116821289,-156.51919555664062
crystals_4,1,1,-60.40079116821289,-159.11727905273438
crystals_4,1,2,-57.80271530151367,-160.61727905273438
crystals_4,1,3,-56.30271530151367,-158.01919555664062
crystals_4,2,0,-71.89117431640625,-149.01919555664062
crystals_4,2,1,-73.39117431640625,-151.61727905273438
crystals_4,2,2,-70.79309844970703,-153.11727905273438
crystals_4,2,3,-69.29309844970703,-150.51919555664062
crystals_4,3,0,-41.43733215332031,-162.2716064453125
crystals_4,3,1,-42.93733215332031,-164.8696746826172
crystals_4,3,2,-40.339256286621094,-166.3696746826172
crystals_4,3,3,-38.839256286621094,-163.7716064453125
crystals_4,4,0,-33.643104553222656,-166.7716064453125
crystals_4,4,1,-35.143104553222656,-169.3696746826172
crystals_4,4,2,-32.54502868652344,-170.8696746826172
crystals_4,4,3,-31.045028686523438,-168.2716064453125
crystals_4,5,0,-42.0132942199707,-166.26919555664062
crystals_4,5,1,-43.5132942199707,-168.86727905273438
crystals_4,5,2,-40.915218353271484,-170.36727905273438
crystals_4,5,3,-39.415218353271484,-167.76919555664062
crystals_4,6,0,-36.817142486572266,-169.26919555664062
crystals_4,6,1,-38.317142486572266,-171.86727905273438
crystals_4,6,2,-35.71906661987305,-173.36727905273438
crystals_4,6,3,-34.21906661987305,-170.76919555664062
crystals_4,7,0,-43.23877716064453,-169.8917999267578
crystals_4,7,1,-44.73877716064453,-172.4898681640625
crystals_4,7,2,-42.14070129394531,-173.9898681640625
crystals_4,7,3,-40.64070129394531,-171.3917999267578
crystals_4,8,0,-39.34165954589844,-172.1417999267578
crystals_4,8,1,-40.84165954589844,-174.7398681640625
crystals_4,8,2,-38.24358367919922,-176.2398681640625
crystals_4,8,3,-36.74358367919922,-173.6417999267578
crystals_4,9,0,-43.165218353271484,-174.26438903808594
crystals_4,9,1,-44.665218353271484,-176.8624725341797
crystals_4,9,2,-42.067142486572266,-178.3624725341797
crystals_4,9,3,-40.567142486572266,-175.76438903808594
crystals_4,10,0,-132.37001037597656,-109.77161407470703
crystals_4,10,1,-133.87001037597656,-112.36968231201172
crystals_4,10,2,-131.2719268798828,-113.86968231201172
crystals_4,10,3,-129.7719268798828,-111.27161407470703
crystals_4,11,0,-124.57577514648438,-114.2716064453125
crystals_4,11,1,-126.07577514648438,-116.86967468261719
crystals_4,11,2,-123.47769927978516,-118.36967468261719
crystals_4,11,3,-121.97769927978516,-115.7716064453125
crystals_4,12,0,-132.9459686279297,-113.76920318603516
crystals_4,12,1,-134.4459686279297,-116.3672866821289
crystals_4,12,2,-131.84788513183594,-117.8672866821289
crystals_4,12,3,-130.34788513183594,-115.26920318603516
crystals_4,13,0,-127.74981689453125,-116.76919555664062
crystals_4,13,1,-129.24981689453125,-119.36727905273438
crystals_4,13,2,-126.6517333984375,-120.86727905273438
crystals_4,13,3,-125.1517333984375,-118.26919555664062
crystals_4,14,0,-134.17144775390625,-117.39180755615234
crystals_4,14,1,-135.67144775390625,-119.98987579345703
crystals_4,14,2,-133.0733642578125,-121.48987579345703
crystals_4,14,3,-131.5733642578125,-118.89180755615234
crystals_4,15,0,-130.2743377685547,-119.64179992675781
crystals_4,15,1,-131.7743377685547,-122.2398681640625
crystals_4,15,2,-129.17625427246094,-123.7398681640625
crystals_4,15,3,-127.67625427246094,-121.14179992675781
crystals_4,16,0,-134.09788513183594,-121.76439666748047
crystals_4,16,1,-135.59788513183594,-124.36248016357422
crystals_4,16,2,-132.99981689453125,-125.86247253417969
crystals_4,16,3,-131.49981689453125,-123.26438903808594
crystals_4,17,0,-119.37962341308594,-117.2716064453125
crystals_4,17,1,-120.87962341308594,-119.86967468261719
crystals_4,17,2,-118.28154754638672,-121.36967468261719
crystals_4,17,3,-116.78154754638672,-118.7716064453125
crystals_4,18,0,-111.58539581298828,-121.7716064453125
crystals_4,18,1,-113.08539581298828,-124.36967468261719
crystals_4,18,2,-110.48731994628906,-125.86967468261719
crystals_4,18,3,-108.98731994628906,-123.2716064453125
crystals_4,19,0,-119.95558166503906,-121.26919555664062
crystals_4,19,1,-121.45558166503906,-123.86727905273438
crystals_4,19,2,-118.85751342773438,-125.36727905273438
crystals_4,19,3,-117.35751342773438,-122.76919555664062
crystals_4,20,0,-114.75942993164062,-124.26919555664062
crystals_4,20,1,-116.25942993164062,-126.86727905273438
crystals_4,20,2,-113.6613540649414,-128.36727905273438
crystals_4,20,3,-112.1613540649414,-125.76919555664062
crystals_4,21,0,-110.86231994628906,-126.51919555664062
crystals_4,21,1,-112.36231994628906,-129.11727905273438
crystals_4,21,2,-109.76424407958984,-130.61727905273438
crystals_4,21,3,-108.26424407958984,-128.01919555664062
crystals_4,22,0,-123.85269927978516,-119.01919555664062
crystals_4,22,1,-125.35269927978516,-121.61727905273438
crystals_4,22,2,-122.75462341308594,-123.11727905273438
crystals_4,22,3,-121.25462341308594,-120.51919555664062
crystals_4,23,0,-121.18106079101562,-124.89179992675781
crystals_4,23,1,-122.68106079101562,-127.4898681640625
crystals_4,23,2,-120.08299255371094,-128.9898681640625
crystals_4,23,3,-118.58299255371094,-126.39179992675781
crystals_4,24,0,-117.28395080566406,-127.14179992675781
crystals_4,24,1,-118.78395080566406,-129.7398681640625
crystals_4,24,2,-116.18587493896484,-131.2398681640625
crystals_4,24,3,-114.68587493896484,-128.6417999267578
crystals_4,25,0,-121.10751342773438,-129.26438903808594
crystals_4,25,1,-122.60751342773438,-131.8624725341797
crystals_4,25,2,-120.00942993164062,-133.3624725341797
crystals_4,25,3,-118.50942993164062,-130.76438903808594
crystals_4,26,0,-106.38924407958984,-124.7716064453125
crystals_4,26,1,-107.88924407958984,-127.36967468261719
crystals_4,26,2,-105.29116821289062,-128.8696746826172
crystals_4,26,3,-103.79116821289062,-126.2716064453125
crystals_4,27,0,-98.59501647949219,-129.2716064453125
crystals_4,27,1,-100.09501647949219,-131.8696746826172
crystals_4,27,2,-97.49693298339844,-133.3696746826172
crystals_4,27,3,-95.99693298339844,-130.7716064453125
crystals_4,28,0,-106.96520233154297,-128.76919555664062
crystals_4,28,1,-108.46520233154297,-131.36727905273438
crystals_4,28,2,-105.86712646484375,-132.86727905273438
crystals_4,28,3,-104.36712646484375,-130.26919555664062
crystals_4,29,0,-101.76905059814453,-131.76919555664062
crystals_4,29,1,-103.26905059814453,-134.36727905273438
crystals_4,29,2,-100.67097473144531,-135.86727905273438
crystals_4,29,3,-99.17097473144531,-133.26919555664062
crystals_4,30,0,-97.87193298339844,-134.01919555664062
crystals_4,30,1,-99.37193298339844,-136.61727905273438
crystals_4,30,2,-96.77385711669922,-138.11727905273438
crystals_4,30,3,-95.27385711669922,-135.51919555664062
crystals_4,31,0,-84.88155364990234,-141.51919555664062
crystals_4,31,1,-86.38155364990234,-144.11727905273438
crystals_4,31,2,-83.78347778320312,-145.61727905273438
crystals_4,31,3,-82.28347778320312,-143.01919555664062
crystals_4,32,0,-108.19068908691406,-132.3917999267578
crystals_4,32,1,-109.69068908691406,-134.9898681640625
crystals_4,32,2,-107.09260559082031,-136.4898681640625
crystals_4,32,3,-105.59260559082031,-133.8917999267578
crystals_4,33,0,-104.29357147216797,-134.6417999267578
crystals_4,33,1,-105.79357147216797,-137.2398681640625
crystals_4,33,2,-103.19549560546875,-138.7398681640625
crystals_4,33,3,-101.69549560546875,-136.1417999267578
crystals_4,34,0,-108.11712646484375,-136.76438903808594
crystals_4,34,1,-109.61712646484375,-139.3624725341797
crystals_4,34,2,-107.01905059814453,-140.8624725341797
crystals_4,34,3,-105.51905059814453,-138.26438903808594
crystals_4,35,0,-93.39885711669922,-132.2716064453125
crystals_4,35,1,-94.89885711669922,-134.8696746826172
crystals_4,35,2,-92.30078125,-136.3696746826172
crystals_4,35,3,-90.80078125,-133.7716064453125
crystals_4,36,0,-85.60462951660156,-136.7716064453125
crystals_4,36,1,-87.10462951660156,-139.3696746826172
crystals_4,36,2,-84.50655364990234,-140.8696746826172
crystals_4,36,3,-83.00655364990234,-138.2716064453125
crystals_4,37,0,-93.97482299804688,-136.26919555664062
crystals_4,37,1,-95.47482299804688,-138.86727905273438
crystals_4,37,2,-92.87674713134766,-140.36727905273438
crystals_4,37,3,-91.37674713134766,-137.76919555664062
crystals_4,38,0,-88.77867126464844,-139.26919555664062
crystals_4,38,1,-90.27867126464844,-141.86727905273438
crystals_4,38,2,-87.68059539794922,-143.36727905273438
crystals_4,38,3,-86.18059539794922,-140.76919555664062
crystals_4,39,0,-95.20030212402344,-139.8917999267578
crystals_4,39,1,-96.70030212402344,-142.4898681640625
crystals_4,39,2,-94.10222625732422,-143.9898681640625
crystals_4,39,3,-92.60222625732422,-141.3917999267578
crystals_4,40,0,-91.30319213867188,-142.1417999267578
crystals_4,40,1,-92.80319213867188,-144.7398681640625
crystals_4,40,2,-90.20510864257812,-146.2398681640625
crystals_4,40,3,-88.70510864257812,-143.6417999267578
crystals_4,41,0,-95.12674713134766,-144.26438903808594
crystals_4,41,1,-96.62674713134766,-146.8624725341797
crystals_4,41,2,-94.02867126464844,-148.3624725341797
crystals_4,41,3,-92.52867126464844,-145.76438903808594
crystals_4,42,0,-80.40847778320312,-139.7716064453125
crystals_4,42,1,-81.90847778320312,-142.3696746826172
crystals_4,42,2,-79.3104019165039,-143.8696746826172
crystals_4,42,3,-77.8104019165039,-141.2716064453125
crystals_4,43,0,-72.61425018310547,-144.2716064453125
crystals_4,43,1,-74.11425018310547,-146.8696746826172
crystals_4,43,2,-71.51617431640625,-148.3696746826172
crystals_4,43,3,-70.01617431640625,-145.7716064453125
crystals_4,44,0,-80.98444366455078,-143.76919555664062
crystals_4,44,1,-82.48444366455078,-146.36727905273438
crystals_4,44,2,-79.88636779785156,-147.86727905273438
crystals_4,44,3,-78.38636779785156,-145.26919555664062
crystals_4,45,0,-75.78828430175781,-146.76919555664062
crystals_4,45,1,-77.28828430175781,-149.36727905273438
crystals_4,45,2,-74.6902084350586,-150.86727905273438
crystals_4,45,3,-73.1902084350586,-148.26919555664062
crystals_4,46,0,-82.20992279052734,-147.3917999267578
crystals_4,46,1,-83.70992279052734,-149.9898681640625
crystals_4,46,2,-81.11184692382812,-151.4898681640625
crystals_4,46,3,-79.61184692382812,-148.8917999267578
crystals_4,47,0,-78.31280517578125,-149.6417999267578
crystals_4,47,1,-79.81280517578125,-152.2398681640625
crystals_4,47,2,-77.21472930908203,-153.7398681640625
crystals_4,47,3,-75.71472930908203,-151.1417999267578
crystals_4,48,0,-82.13636779785156,-151.76438903808594
crystals_4,48,1,-83.63636779785156,-154.3624725341797
crystals_4,48,2,-81.03828430175781,-155.8624725341797
crystals_4,48,3,-79.53828430175781,-153.26438903808594
crystals_4,49,0,-54.42771530151367,-154.7716064453125
crystals_4,49,1,-55.92771530151367,-157.3696746826172
crystals_4,49,2,-53.32963943481445,-158.8696746826172
crystals_4,49,3,-51.82963943481445,-156.2716064453125
crystals_4,50,0,-46.633487701416016,-159.2716064453125
crystals_4,50,1,-48.133487701416016,-161.8696746826172
crystals_4,50,2,-45.53540802001953,-163.3696746826172
crystals_4,50,3,-44.03540802001953,-160.7716064453125
crystals_4,51,0,-55.00367736816406,-158.76919555664062
crystals_4,51,1,-56.50367736816406,-161.36727905273438
crystals_4,51,2,-53.905601501464844,-162.86727905273438
crystals_4,51,3,-52.405601501464844,-160.26919555664062
crystals_4,52,0,-49.807525634765625,-161.76919555664062
crystals_4,52,1,-51.307525634765625,-164.36727905273438
crystals_4,52,2,-48.70944595336914,-165.86727905273438
crystals_4,52,3,-47.20944595336914,-163.26919555664062
crystals_4,53,0,-56.229156494140625,-162.3917999267578
crystals_4,53,1,-57.729156494140625,-164.9898681640625
crystals_4,53,2,-55.131080627441406,-166.4898681640625
crystals_4,53,3,-53.631080627441406,-163.8917999267578
crystals_4,54,0,-52.3320426940918,-164.6417999267578
crystals_4,54,1,-53.8320426940918,-167.2398681640625
crystals_4,54,2,-51.23396682739258,-168.7398681640625
crystals_4,54,3,-49.73396682739258,-166.1417999267578
crystals_4,55,0,-56.155601501464844,-166.76438903808594
crystals_4,55,1,-57.655601501464844,-169.3624725341797
crystals_4,55,2,-55.057525634765625,-170.8624725341797
crystals_4,55,3,-53.557525634765625,-168.26438903808594
crystals_4,56,0,-67.41809844970703,-147.2716064453125
crystals_4,56,1,-68.91809844970703,-149.8696746826172
crystals_4,56,2,-66.32002258300781,-151.3696746826172
crystals_4,56,3,-64.82002258300781,-148.7716064453125
crystals_4,57,0,-59.62386703491211,-151.7716064453125
crystals_4,57,1,-61.12386703491211,-154.3696746826172
crystals_4,57,2,-58.52579116821289,-155.8696746826172
crystals_4,57,3,-57.02579116821289,-153.2716064453125
crystals_4,58,0,-67.99405670166016,-151.26919555664062
crystals_4,58,1,-69.49405670166016,-153.86727905273438
crystals_4,58,2,-66.89598083496094,-155.36727905273438
crystals_4,58,3,-65.39598083496094,-152.76919555664062
crystals_4,59,0,-62.79790496826172,-154.26919555664062
crystals_4,59,1,-64.29790496826172,-156.86727905273438
crystals_4,59,2,-61.6998291015625,-158.36727905273438
crystals_4,59,3,-60.1998291015625,-155.76919555664062
crystals_4,60,0,-69.21954345703125,-154.8917999267578
crystals_4,60,1,-70.71954345703125,-157.4898681640625
crystals_4,60,2,-68.1214599609375,-158.9898681640625
crystals_4,60,3,-66.6214599609375,-156.3917999267578
crystals_4,61,0,-65.32242584228516,-157.1417999267578
crystals_4,61,1,-66.82242584228516,-159.7398681640625
crystals_4,61,2,-64.22434997558594,-161.2398681640625
crystals_4,61,3,-62.72434997558594,-158.6417999267578
crystals_4,62,0,-69.14598083496094,-159.26438903808594
crystals_4,62,1,-70.64598083496094,-161.8624725341797
crystals_4,62,2,-68.04790496826172,-163.3624725341797
crystals_4,62,3,-66.54790496826172,-160.76438903808594
plate_5,0,0,15.824356079101562,-155.4086151123047
plate_5,0,1,16.824356079101562,-157.1406707763672
plate_5,0,2,23.969066619873047,-153.0156707763672
plate_5,0,3,22.969066619873047,-151.2836151123047
plate_5,1,0,26.43316650390625,-149.2836151123047
plate_5,1,1,27.43316650390625,-151.0156707763672
plate_5,1,2,36.95944595336914,-145.5156707763672
plate_5,1,3,35.95944595336914,-143.7836151123047
plate_5,2,0,39.42354965209961,-141.7836151123047
plate_5,2,1,40.42354965209961,-143.5156707763672
plate_5,2,2,49.9498291015625,-138.0156707763672
plate_5,2,3,48.9498291015625,-136.2836151123047
plate_5,3,0,52.41393280029297,-134.2836151123047
plate_5,3,1,53.41393280029297,-136.0156707763672
plate_5,3,2,62.94021224975586,-130.5156707763672
plate_5,3,3,61.94021224975586,-128.7836151123047
plate_5,4,0,65.40431213378906,-126.78362274169922
plate_5,4,1,66.40431213378906,-128.5156707763672
plate_5,4,2,75.93059539794922,-123.01567840576172
plate_5,4,3,74.93059539794922,-121.28362274169922
plate_5,5,0,78.39469146728516,-119.28362274169922
plate_5,5,1,79.39469146728516,-121.01567840576172
plate_5,5,2,88.92097473144531,-115.51567840576172
plate_5,5,3,87.92097473144531,-113.78362274169922
plate_5,6,0,91.38507843017578,-111.78362274169922
plate_5,6,1,92.38507843017578,-113.51567840576172
plate_5,6,2,101.9113540649414,-108.01568603515625
plate_5,6,3,100.9113540649414,-106.28363037109375
plate_5,7,0,104.37545776367188,-104.28363037109375
plate_5,7,1,105.37545776367188,-106.01568603515625
plate_5,7,2,114.9017333984375,-100.51568603515625
plate_5,7,3,113.9017333984375,-98.78363037109375
plate_5,8,0,117.3658447265625,-96.78363037109375
plate_5,8,1,118.3658447265625,-98.51568603515625
plate_5,8,2,127.67561340332031,-93.14068603515625
plate_5,8,3,126.67561340332031,-91.40863037109375
plate_5,9,0,126.67561340332031,-91.40863037109375
plate_5,9,1,127.67561340332031,-93.14068603515625
plate_5,9,2,144.5,-63.999977111816406
plate_5,9,3,142.4999542236328,-64.0
crystals_5,0,0,119.08956146240234,-121.76919555664062
crystals_5,0,1,120.58956146240234,-124.36727905273438
crystals_5,0,2,123.18763732910156,-122.86727905273438
crystals_5,0,3,121.68763732910156,-120.26919555664062
crystals_5,1,0,106.09918212890625,-129.26919555664062
crystals_5,1,1,107.59918212890625,-131.86727905273438
crystals_5,1,2,110.19725036621094,-130.36727905273438
crystals_5,1,3,108.69725036621094,-127.76919555664062
crystals_5,2,0,93.10879516601562,-136.76919555664062
crystals_5,2,1,94.60879516601562,-139.36727905273438
crystals_5,2,2,97.20687103271484,-137.86727905273438
crystals_5,2,3,95.70687103271484,-135.26919555664062
crystals_5,3,0,119.81263732910156,-117.0216064453125
crystals_5,3,1,121.31263732910156,-119.61967468261719
crystals_5,3,2,123.91071319580078,-118.11967468261719
crystals_5,3,3,122.41071319580078,-115.5216064453125
crystals_5,4,0,127.60686492919922,-112.52161407470703
crystals_5,4,1,129.10687255859375,-115.11968231201172
crystals_5,4,2,131.70494079589844,-113.61968231201172
crystals_5,4,3,130.20494079589844,-111.02161407470703
crystals_5,5,0,122.98667907714844,-119.51919555664062
crystals_5,5,1,124.48667907714844,-122.11727905273438
crystals_5,5,2,127.08474731445312,-120.61727905273438
crystals_5,5,3,125.58474731445312,-118.01919555664062
crystals_5,6,0,128.18283081054688,-116.51919555664062
crystals_5,6,1,129.68283081054688,-119.11727905273438
crystals_5,6,2,132.28089904785156,-117.6172866821289
crystals_5,6,3,130.78089904785156,-115.01920318603516
crystals_5,7,0,125.51119232177734,-122.39179992675781
crystals_5,7,1,127.01119232177734,-124.9898681640625
crystals_5,7,2,129.60926818847656,-123.4898681640625
crystals_5,7,3,128.10926818847656,-120.89179992675781
crystals_5,8,0,129.40830993652344,-120.14179992675781
crystals_5,8,1,130.90830993652344,-122.7398681640625
crystals_5,8,2,133.50637817382812,-121.23987579345703
crystals_5,8,3,132.00637817382812,-118.64180755615234
crystals_5,9,0,129.33474731445312,-124.51438903808594
crystals_5,9,1,130.83474731445312,-127.11247253417969
crystals_5,9,2,133.43283081054688,-125.61247253417969
crystals_5,9,3,131.93283081054688,-123.01438903808594
crystals_5,10,0,28.879962921142578,-169.5216064453125
crystals_5,10,1,30.379962921142578,-172.1196746826172
crystals_5,10,2,32.9780387878418,-170.6196746826172
crystals_5,10,3,31.478038787841797,-168.0216064453125
crystals_5,11,0,36.6741943359375,-165.0216064453125
crystals_5,11,1,38.1741943359375,-167.6196746826172
crystals_5,11,2,40.77227020263672,-166.1196746826172
crystals_5,11,3,39.27227020263672,-163.5216064453125
crystals_5,12,0,32.05400085449219,-172.01919555664062
crystals_5,12,1,33.55400085449219,-174.61727905273438
crystals_5,12,2,36.15208053588867,-173.11727905273438
crystals_5,12,3,34.65208053588867,-170.51919555664062
crystals_5,13,0,37.25015640258789,-169.01919555664062
crystals_5,13,1,38.75015640258789,-171.61727905273438
crystals_5,13,2,41.34823226928711,-170.11727905273438
crystals_5,13,3,39.84823226928711,-167.51919555664062
crystals_5,14,0,34.578521728515625,-174.8917999267578
crystals_5,14,1,36.078521728515625,-177.4898681640625
crystals_5,14,2,38.676597595214844,-175.9898681640625
crystals_5,14,3,37.176597595214844,-173.3917999267578
crystals_5,15,0,38.47563552856445,-172.6417999267578
crystals_5,15,1,39.97563552856445,-175.2398681640625
crystals_5,15,2,42.57371139526367,-173.7398681640625
crystals_5,15,3,41.07371139526367,-171.1417999267578
crystals_5,16,0,38.40208053588867,-177.01438903808594
crystals_5,16,1,39.90208053588867,-179.6124725341797
crystals_5,16,2,42.50015640258789,-178.1124725341797
crystals_5,16,3,41.00015640258789,-175.51438903808594
crystals_5,17,0,41.87034606933594,-162.0216064453125
crystals_5,17,1,43.37034606933594,-164.6196746826172
crystals_5,17,2,45.968421936035156,-163.1196746826172
crystals_5,17,3,44.468421936035156,-160.5216064453125
crystals_5,18,0,49.664573669433594,-157.5216064453125
crystals_5,18,1,51.164573669433594,-160.1196746826172
crystals_5,18,2,53.76264953613281,-158.6196746826172
crystals_5,18,3,52.26264953613281,-156.0216064453125
crystals_5,19,0,45.04438400268555,-164.51919555664062
crystals_5,19,1,46.54438400268555,-167.11727905273438
crystals_5,19,2,49.142459869384766,-165.61727905273438
crystals_5,19,3,47.642459869384766,-163.01919555664062
crystals_5,20,0,50.240535736083984,-161.51919555664062
crystals_5,20,1,51.740535736083984,-164.11727905273438
crystals_5,20,2,54.33861541748047,-162.61727905273438
crystals_5,20,3,52.83861541748047,-160.01919555664062
crystals_5,21,0,54.13764953613281,-159.26919555664062
crystals_5,21,1,55.63764953613281,-161.86727905273438
crystals_5,21,2,58.23572540283203,-160.36727905273438
crystals_5,21,3,56.73572540283203,-157.76919555664062
crystals_5,22,0,41.14727020263672,-166.76919555664062
crystals_5,22,1,42.64727020263672,-169.36727905273438
crystals_5,22,2,45.24534606933594,-167.86727905273438
crystals_5,22,3,43.74534606933594,-165.26919555664062
crystals_5,23,0,47.568904876708984,-167.3917999267578
crystals_5,23,1,49.068904876708984,-169.9898681640625
crystals_5,23,2,51.6669807434082,-168.4898681640625
crystals_5,23,3,50.1669807434082,-165.8917999267578
crystals_5,24,0,51.46601867675781,-165.1417999267578
crystals_5,24,1,52.96601867675781,-167.7398681640625
crystals_5,24,2,55.56409454345703,-166.2398681640625
crystals_5,24,3,54.06409454345703,-163.6417999267578
crystals_5,25,0,51.392459869384766,-169.51438903808594
crystals_5,25,1,52.892459869384766,-172.1124725341797
crystals_5,25,2,55.490535736083984,-170.6124725341797
crystals_5,25,3,53.990535736083984,-168.01438903808594
crystals_5,26,0,54.86072540283203,-154.5216064453125
crystals_5,26,1,56.36072540283203,-157.1196746826172
crystals_5,26,2,58.95880126953125,-155.6196746826172
crystals_5,26,3,57.45880126953125,-153.0216064453125
crystals_5,27,0,62.65495681762695,-150.0216064453125
crystals_5,27,1,64.15495300292969,-152.6196746826172
crystals_5,27,2,66.75303649902344,-151.1196746826172
crystals_5,27,3,65.25303649902344,-148.5216064453125
crystals_5,28,0,58.034767150878906,-157.01919555664062
crystals_5,28,1,59.534767150878906,-159.61727905273438
crystals_5,28,2,62.132843017578125,-158.11727905273438
crystals_5,28,3,60.632843017578125,-155.51919555664062
crystals_5,29,0,63.230918884277344,-154.01919555664062
crystals_5,29,1,64.73091888427734,-156.61727905273438
crystals_5,29,2,67.32899475097656,-155.11727905273438
crystals_5,29,3,65.82899475097656,-152.51919555664062
crystals_5,30,0,67.12803649902344,-151.76919555664062
crystals_5,30,1,68.62803649902344,-154.36727905273438
crystals_5,30,2,71.22611236572266,-152.86727905273438
crystals_5,30,3,69.72611236572266,-150.26919555664062
crystals_5,31,0,80.11841583251953,-144.26919555664062
crystals_5,31,1,81.61841583251953,-146.86727905273438
crystals_5,31,2,84.21649169921875,-145.36727905273438
crystals_5,31,3,82.71649169921875,-142.76919555664062
crystals_5,32,0,60.55928421020508,-159.8917999267578
crystals_5,32,1,62.05928421020508,-162.4898681640625
crystals_5,32,2,64.65736389160156,-160.9898681640625
crystals_5,32,3,63.15736389160156,-158.3917999267578
crystals_5,33,0,64.4563980102539,-157.6417999267578
crystals_5,33,1,65.9563980102539,-160.2398681640625
crystals_5,33,2,68.55447387695312,-158.7398681640625
crystals_5,33,3,67.05447387695312,-156.1417999267578
crystals_5,34,0,64.38284301757812,-162.01438903808594
crystals_5,34,1,65.88284301757812,-164.6124725341797
crystals_5,34,2,68.48091888427734,-163.1124725341797
crystals_5,34,3,66.98091888427734,-160.51438903808594
crystals_5,35,0,67.85111236572266,-147.0216064453125
crystals_5,35,1,69.35111236572266,-149.6196746826172
crystals_5,35,2,71.94918823242188,-148.1196746826172
crystals_5,35,3,70.44918823242188,-145.5216064453125
crystals_5,36,0,75.64533996582031,-142.5216064453125
crystals_5,36,1,77.14533996582031,-145.1196746826172
crystals_5,36,2,79.74341583251953,-143.6196746826172
crystals_5,36,3,78.24341583251953,-141.0216064453125
crystals_5,37,0,71.025146484375,-149.51919555664062
crystals_5,37,1,72.525146484375,-152.11727905273438
crystals_5,37,2,75.12322235107422,-150.61727905273438
crystals_5,37,3,73.62322235107422,-148.01919555664062
crystals_5,38,0,76.22129821777344,-146.51919555664062
crystals_5,38,1,77.72129821777344,-149.11727905273438
crystals_5,38,2,80.31937408447266,-147.61727905273438
crystals_5,38,3,78.81937408447266,-145.01919555664062
crystals_5,39,0,73.54966735839844,-152.3917999267578
crystals_5,39,1,75.04966735839844,-154.9898681640625
crystals_5,39,2,77.64774322509766,-153.4898681640625
crystals_5,39,3,76.14774322509766,-150.8917999267578
crystals_5,40,0,77.44677734375,-150.1417999267578
crystals_5,40,1,78.94677734375,-152.7398681640625
crystals_5,40,2,81.54486083984375,-151.2398681640625
crystals_5,40,3,80.04486083984375,-148.6417999267578
crystals_5,41,0,77.37322235107422,-154.51438903808594
crystals_5,41,1,78.87322235107422,-157.1124725341797
crystals_5,41,2,81.47129821777344,-155.6124725341797
crystals_5,41,3,79.97129821777344,-153.01438903808594
crystals_5,42,0,80.84149169921875,-139.5216064453125
crystals_5,42,1,82.34149169921875,-142.1196746826172
crystals_5,42,2,84.93956756591797,-140.6196746826172
crystals_5,42,3,83.43956756591797,-138.0216064453125
crystals_5,43,0,88.6357192993164,-135.0216064453125
crystals_5,43,1,90.1357192993164,-137.6196746826172
crystals_5,43,2,92.73379516601562,-136.1196746826172
crystals_5,43,3,91.23379516601562,-133.5216064453125
crystals_5,44,0,84.0155258178711,-142.01919555664062
crystals_5,44,1,85.5155258178711,-144.61727905273438
crystals_5,44,2,88.11360168457031,-143.11727905273438
crystals_5,44,3,86.61360168457031,-140.51919555664062
crystals_5,45,0,89.21168518066406,-139.01919555664062
crystals_5,45,1,90.71168518066406,-141.61727905273438
crystals_5,45,2,93.30976104736328,-140.11727905273438
crystals_5,45,3,91.80976104736328,-137.51919555664062
crystals_5,46,0,86.54004669189453,-144.8917999267578
crystals_5,46,1,88.04004669189453,-147.4898681640625
crystals_5,46,2,90.63812255859375,-145.9898681640625
crystals_5,46,3,89.13812255859375,-143.3917999267578
crystals_5,47,0,90.43716430664062,-142.6417999267578
crystals_5,47,1,91.93716430664062,-145.2398681640625
crystals_5,47,2,94.53524017333984,-143.7398681640625
crystals_5,47,3,93.03524017333984,-141.1417999267578
crystals_5,48,0,90.36360168457031,-147.01438903808594
crystals_5,48,1,91.86360168457031,-149.6124725341797
crystals_5,48,2,94.46168518066406,-148.1124725341797
crystals_5,48,3,92.96168518066406,-145.51438903808594
crystals_5,49,0,106.82225036621094,-124.5216064453125
crystals_5,49,1,108.32225036621094,-127.11967468261719
crystals_5,49,2,110.92033386230469,-125.61967468261719
crystals_5,49,3,109.42033386230469,-123.0216064453125
crystals_5,50,0,114.61648559570312,-120.0216064453125
crystals_5,50,1,116.11648559570312,-122.61967468261719
crystals_5,50,2,118.71456146240234,-121.11967468261719
crystals_5,50,3,117.21456146240234,-118.5216064453125
crystals_5,51,0,109.99629211425781,-127.01919555664062
crystals_5,51,1,111.49629211425781,-129.61727905273438
crystals_5,51,2,114.09436798095703,-128.11727905273438
crystals_5,51,3,112.59436798095703,-125.51919555664062
crystals_5,52,0,115.19244384765625,-124.01919555664062
crystals_5,52,1,116.69244384765625,-126.61727905273438
crystals_5,52,2,119.29052734375,-125.11727905273438
crystals_5,52,3,117.79052734375,-122.51919555664062
crystals_5,53,0,112.52081298828125,-129.8917999267578
crystals_5,53,1,114.02081298828125,-132.4898681640625
crystals_5,53,2,116.61888885498047,-130.9898681640625
crystals_5,53,3,115.11888885498047,-128.3917999267578
crystals_5,54,0,116.41792297363281,-127.64179992675781
crystals_5,54,1,117.91792297363281,-130.2398681640625
crystals_5,54,2,120.51600646972656,-128.7398681640625
crystals_5,54,3,119.01600646972656,-126.14179992675781
crystals_5,55,0,116.34436798095703,-132.01438903808594
crystals_5,55,1,117.84436798095703,-134.6124725341797
crystals_5,55,2,120.44244384765625,-133.1124725341797
crystals_5,55,3,118.94244384765625,-130.51438903808594
crystals_5,56,0,93.83187103271484,-132.0216064453125
crystals_5,56,1,95.33187103271484,-134.6196746826172
crystals_5,56,2,97.92994689941406,-133.1196746826172
crystals_5,56,3,96.42994689941406,-130.5216064453125
crystals_5,57,0,101.6260986328125,-127.5216064453125
crystals_5,57,1,103.1260986328125,-130.1196746826172
crystals_5,57,2,105.72418212890625,-128.6196746826172
crystals_5,57,3,104.22418212890625,-126.0216064453125
crystals_5,58,0,97.00591278076172,-134.51919555664062
crystals_5,58,1,98.50591278076172,-137.11727905273438
crystals_5,58,2,101.10398864746094,-135.61727905273438
crystals_5,58,3,99.60398864746094,-133.01919555664062
crystals_5,59,0,102.20206451416016,-131.51919555664062
crystals_5,59,1,103.70206451416016,-134.11727905273438
crystals_5,59,2,106.30014038085938,-132.61727905273438
crystals_5,59,3,104.80014038085938,-130.01919555664062
crystals_5,60,0,99.53042602539062,-137.3917999267578
crystals_5,60,1,101.03042602539062,-139.9898681640625
crystals_5,60,2,103.62850952148438,-138.4898681640625
crystals_5,60,3,102.12850952148438,-135.8917999267578
crystals_5,61,0,103.42754364013672,-135.1417999267578
crystals_5,61,1,104.92754364013672,-137.7398681640625
crystals_5,61,2,107.52561950683594,-136.2398681640625
crystals_5,61,3,106.02561950683594,-133.6417999267578
crystals_5,62,0,103.35398864746094,-139.51438903808594
crystals_5,62,1,104.85398864746094,-142.1124725341797
crystals_5,62,2,107.45206451416016,-140.6124725341797
crystals_5,62,3,105.95206451416016,-138.01438903808594
